Workbook

Sheet Guide
A1: Donor & Yatri Gift Items – Packing & Stock Register
A2: Hare Krishna Movement, Hyderabad • Storeroom / Warehouse • Nov 2026 – Oct 2027
A4: Purpose
B5: • Keep sufficient, well-packed stock of blessed items (prasadam, threads, tilak, photos, books, souvenirs) to be given to DONORS and to YATRIS who join our yatras.
B6: • This workbook tells the storeroom person HOW to pack each item, WHERE to store it, and records WHEN items were prepared & stored and HOW MUCH stock is left – every month.
A8: Sheets in this workbook
B9: Item Master | C9: Master list of every item: category, who gets it, recommended packing method, material spec, label text, shelf life, storage rack, reorder level. Edit here – all monthly sheets update automatically.
B10: Packing Guide | C10: Research-based comparison of packing options (zip-lock, sachets, containers, bottles, sleeves…), golden rules for oily/liquid items, packing-station SOP, label & batch-number format, rack layout, compliance notes.
B11: Kits | C11: Ready combinations: Yatri Welcome Kit, Donor kits by donation level, Birthday/Anniversary kit. Enter how many kits you plan – the sheet calculates items needed vs. stock available.
B12: Nov-2026 … Oct-2027 | C12: 12 monthly stock sheets. For each item: opening stock, up to 2 packing batches (date packed, date stored, batch no., qty), issued to donors / yatris / events, damaged, closing stock, physical count, variance, status, qty to pack next month. Monthly checklist at the bottom.
B13: Annual Summary | C13: Year view: closing stock every month, total packed and issued, average monthly use and a suggested reorder level. Choose a month at the top to see current stock & status.
B14: Distribution Register | C14: Who received what: date, donor/yatri name, phone, yatra/event, receipt no., kit given. Helps follow-up (Sankalpa video, thank-you call).
B15: Services | C15: Non-stock offerings (Sankalpa/Archana video, birthday cake, Kalyanam/Abhishekam booking, catering) and fresh prasadam (Sweet Pongal, Shayana / Baalya / Chappan Bhog) with packing guidance.
A17: Monthly routine for the storeroom person
B18: 1st of the month: open the month's sheet. Opening stock comes automatically from last month (physical count if entered, otherwise book closing). Only Nov-2026 opening is typed by hand.
B19: When you pack a batch: write Date Packed, Date Stored, Batch No. (format ITEMID-YYMM-01, e.g. TIL-2611-01) and Qty Packed. Use Batch 2 columns for a second batch in the same month.
B20: Every issue: record in Distribution Register; at month end total the issues into the Issued – Donors / Yatris / Events columns.
B21: Damaged, leaked, expired or returned items go into the Damaged / Expired column – never just remove them silently.
B22: Last working day: physically count every item, enter Physical Count. Investigate any Variance that is not zero.
B23: Check Status column: REORDER NOW / OUT OF STOCK items must be packed or ordered first. 'Qty to Pack Next Month' tells you how many.
B24: Tick the Monthly Checklist at the bottom of the sheet, sign, and get it verified by the in-charge.
A26: Colour legend
C27: Yellow cells – type here (dates, quantities, names, counts).
C28: Green cells – automatic formulas. Please do not overwrite.
C29: Status OK
C30: Status LOW – plan packing soon
C31: Status REORDER NOW – stock at or below reorder level
C32: Status OUT OF STOCK
A34: Notes & assumptions
B35: • Reorder levels and target stock in Item Master are suggested starting values. After 2–3 months, use 'Suggested Reorder Level' in Annual Summary to adjust them.
B36: • Packing costs are indicative per-unit estimates based on Indian wholesale marketplace listings (IndiaMart / TradeIndia, Oct 2026). Always take 3 quotes from local suppliers (e.g. Begum Bazar, Hyderabad) before bulk buying.
B37: • Donor kit levels in 'Kits' (₹ ranges) are examples – management can change the names, ranges and contents.
B38: • 'LP Set Combo' contents were not specified – please confirm and update its row in Item Master.
B39: • The first row of the Nov-2026 sheet and of the Distribution Register shows an EXAMPLE entry so the format is clear – overwrite it with real data.

Sheet Item Master
A1: Item Master – What we give, how we pack it, where we store it
A2: Edit names, packing, reorder & target levels here – the 12 monthly sheets, Kits and Annual Summary pick them up automatically.
A3: Yellow = editable inputs (reorder level, target stock, cost). Storage Location fills from the Storage Code (see Packing Guide → Rack layout).
A4: Item ID | B4: Item Name | C4: Category | D4: Given To | E4: Purpose / Description | F4: Unit of Issue | G4: Qty per Pack | H4: Recommended Packing | I4: Packing Material Specification | J4: Est. Packing Cost per Unit (₹) | K4: Label Must Show | L4: Shelf Life | M4: Storage Code | N4: Storage Location | O4: Storage & Handling Notes | P4: Reorder Level (Min Stock) | Q4: Target Stock (Max) | R4: Item Status | S4: Remarks
A5: THR | B5: Kalasha Thread (wrist thread) | C5: Kalasha & Yagna Prasadam | D5: Both | E5: Sacred thread from Kalasha – Abhishekams, Swathi Nakshatra, Narasimha Kalasha etc. Tied around the wrist for protection. | F5: Pouch | G5: 1 thread (30 cm) | H5: Zip-lock pouch + small printed insert card | I5: 2"x3" clear LDPE zip-lock, 50 micron; cut thread to 30 cm, coil neatly; insert 2"x2.5" card naming the Kalasha/Utsav & date | J5: 1 | K5: Item name, Kalasha/Utsav name, Batch No., Packed date | L5: 12 months | M5: R1 | N5: =IFERROR(VLOOKUP(M5,'Packing Guide'!$A$60:$B$66,2,FALSE()),"") -> Rack 1 – Prasadam & Edibles | O5: Keep dry. Bundle 50 pouches in one larger zip bag labelled with batch no. | P5: 300 | Q5: 600 | R5: Existing
A6: TIL | B6: Narasimha Yagna Tilak | C6: Kalasha & Yagna Prasadam | D6: Both | E6: Daily available from Vigna Vinaashaka Narasimha Yagna – Maha Prasadam tilak (yagna bhasma with ghee/oil). | F6: Container | G6: 5 g | H6: DOUBLE BARRIER: 5 g leak-proof PP screw-cap container → zip-lock pouch | I6: 5 g PP container with inner wad/plug; fill only 80%; wipe rim; tape cap; then 2"x3" zip-lock 60 micron. Alternative: heat-sealed laminated sachet | J6: 6 | K6: "Vigna Vinaashaka Narasimha Yagna Maha Prasadam", Batch No., Packed date, Best before | L6: 3 months | M6: R2 | N6: =IFERROR(VLOOKUP(M6,'Packing Guide'!$A$60:$B$66,2,FALSE()),"") -> Rack 2 – Liquids & Oils (bottom shelf, in trays) | O6: OIL MUST NOT LEAK – store UPRIGHT in a tray; leak-test 5 pcs per batch (invert 30 min on tissue). Keep below 30°C. | P6: 300 | Q6: 600 | R6: Existing | S6: Do not pack oily tilak directly in zip-lock – oil seeps through the zip.
A7: KAV | B7: Narasimha Kavacha (protective amulet / locket) | C7: Protection & Mantra | D7: Donors | E7: Energised Narasimha Kavacha for protection. | F7: Piece | G7: 1 | H7: Small organza / velvet pouch with care card | I7: 3"x4" drawstring organza pouch (saffron/red) + printed card with Kavacha meaning & how to wear | J7: 5 | K7: Item name, Batch No., Care instructions | L7: Long life | M7: LK | N7: =IFERROR(VLOOKUP(M7,'Packing Guide'!$A$60:$B$66,2,FALSE()),"") -> Locked Cabinet – Valuables | O7: Count every month (higher value). Keep away from moisture. | P7: 100 | Q7: 200 | R7: Existing
A8: AKV | B8: Audio – Narasimha Kavacha (QR card) | C8: Audio / Digital | D8: Both | E8: Audio recitation of Narasimha Kavacha – shared as QR-code card + WhatsApp link. | F8: Card | G8: 1 | H8: Printed QR card (visiting-card size), bundled in OPP sleeve of 50 | I8: 300 GSM matte card, 3.5"x2"; QR code to audio + temple contact; lamination optional | J8: 1.5 | K8: Title, QR code, Temple contact number | L8: Long life (check QR link every month) | M8: R4 | N8: =IFERROR(VLOOKUP(M8,'Packing Guide'!$A$60:$B$66,2,FALSE()),"") -> Rack 4 – Books, Cards & Paper | O8: Test QR link monthly. Also send audio on WhatsApp after donation. | P8: 200 | Q8: 500 | R8: Existing | S8: Digital – near-zero cost per donor.
A9: AKR | B9: Audio – Narasimha Kirtan (QR card) | C9: Audio / Digital | D9: Both | E9: Narasimha Kirtan audio – QR-code card + WhatsApp link. | F9: Card | G9: 1 | H9: Printed QR card, bundled in OPP sleeve of 50 | I9: 300 GSM matte card, 3.5"x2"; QR code to playlist | J9: 1.5 | K9: Title, QR code, Temple contact number | L9: Long life (check QR link every month) | M9: R4 | N9: =IFERROR(VLOOKUP(M9,'Packing Guide'!$A$60:$B$66,2,FALSE()),"") -> Rack 4 – Books, Cards & Paper | O9: Can be combined with AKV on a single two-sided card to save cost. | P9: 200 | Q9: 500 | R9: Existing
A10: PFR | B10: Narasimha Photo Frame | C10: Deity Photos & Frames | D10: Donors | E10: Framed photo of Lord Narasimha for home altar. | F10: Piece | G10: 1 | H10: Bubble wrap + corner protectors + corrugated (3-ply) box | I10: Glass face taped with masking-tape "X"; 2 layers bubble wrap; 3-ply carton sized to frame | J10: 25 | K10: Item name, size, FRAGILE sticker | L10: Long life | M10: R3 | N10: =IFERROR(VLOOKUP(M10,'Packing Guide'!$A$60:$B$66,2,FALSE()),"") -> Rack 3 – Photos, Frames & Fragile | O10: Store VERTICALLY like books, never stacked flat. Max 10 per shelf section. | P10: 25 | Q10: 50 | R10: Existing
A11: TTP | B11: Narasimha Table Top (idol/stand) | C11: Deity Photos & Frames | D11: Donors | E11: Table-top Narasimha murti/stand for office or car dashboard. | F11: Piece | G11: 1 | H11: Foam/bubble wrap + gift box | I11: Moulded or cut-foam insert; printed gift box | J11: 20 | K11: Item name, FRAGILE sticker | L11: Long life | M11: R3 | N11: =IFERROR(VLOOKUP(M11,'Packing Guide'!$A$60:$B$66,2,FALSE()),"") -> Rack 3 – Photos, Frames & Fragile | O11: Keep in original boxes; handle with both hands. | P11: 20 | Q11: 40 | R11: Existing
A12: STK | B12: Narasimha Sticker | C12: Protection & Mantra | D12: Both | E12: Sticker for car, door, laptop – remembrance of the Lord. | F12: Piece | G12: 1 | H12: Flat in OPP self-adhesive sleeve (sets of 10) | I12: OPP cellophane sleeve slightly larger than sticker; keep a card backing so stickers stay flat | J12: 0.5 | K12: Bundle label: Item, Qty, Batch No. | L12: 24 months | M12: R4 | N12: =IFERROR(VLOOKUP(M12,'Packing Guide'!$A$60:$B$66,2,FALSE()),"") -> Rack 4 – Books, Cards & Paper | O12: Keep flat, away from heat and humidity (adhesive weakens). | P12: 300 | Q12: 600 | R12: Existing
A13: KPR | B13: Narasimha Kavacha Print Out | C13: Protection & Mantra | D13: Both | E13: Printed Narasimha Kavacha text (Sanskrit + transliteration + meaning). | F13: Sheet | G13: 1 | H13: Laminated A5 card in OPP sleeve | I13: A5, 250 micron lamination; both sides printed | J13: 6 | K13: Title, Temple name | L13: Long life | M13: R4 | N13: =IFERROR(VLOOKUP(M13,'Packing Guide'!$A$60:$B$66,2,FALSE()),"") -> Rack 4 – Books, Cards & Paper | O13: Store flat in boxes of 100. | P13: 200 | Q13: 400 | R13: Existing
A14: MBX | B14: Mantra Box | C14: Protection & Mantra | D14: Donors | E14: Box with mantra slips / sacred items for the altar. | F14: Box | G14: 1 | H14: Shrink-wrap or OPP bag over box | I14: Box sealed with transparent sticker; OPP bag 1" larger than box | J14: 2 | K14: Item name, Batch No. | L14: Long life | M14: R4 | N14: =IFERROR(VLOOKUP(M14,'Packing Guide'!$A$60:$B$66,2,FALSE()),"") -> Rack 4 – Books, Cards & Paper | O14: Stack max 10 high. | P14: 50 | Q14: 100 | R14: Existing
A15: PRG | B15: Radha Govinda Photo | C15: Deity Photos & Frames | D15: Both | E15: Photo of Sri Sri Radha Govinda (temple Deities). | F15: Piece | G15: 1 | H15: Laminated photo + cardboard backing in OPP sleeve | I15: Sizes: 4"x6" (yatris) / 8"x10" (donors); 125 micron lamination | J15: 4 | K15: Deity name, Temple name | L15: Long life | M15: R3 | N15: =IFERROR(VLOOKUP(M15,'Packing Guide'!$A$60:$B$66,2,FALSE()),"") -> Rack 3 – Photos, Frames & Fragile | O15: Store flat, never folded. Separate by size. | P15: 200 | Q15: 400 | R15: Existing
A16: PHN | B16: Hanuman Photo | C16: Deity Photos & Frames | D16: Both | E16: Photo of Sri Hanuman. | F16: Piece | G16: 1 | H16: Laminated photo + cardboard backing in OPP sleeve | I16: 4"x6" / 8"x10"; 125 micron lamination | J16: 4 | K16: Deity name, Temple name | L16: Long life | M16: R3 | N16: =IFERROR(VLOOKUP(M16,'Packing Guide'!$A$60:$B$66,2,FALSE()),"") -> Rack 3 – Photos, Frames & Fragile | O16: Store flat. | P16: 100 | Q16: 200 | R16: Existing
A17: PLN | B17: Lakshmi Narasimha Photo | C17: Deity Photos & Frames | D17: Both | E17: Photo of Sri Lakshmi Narasimha. | F17: Piece | G17: 1 | H17: Laminated photo + cardboard backing in OPP sleeve | I17: 4"x6" / 8"x10"; 125 micron lamination | J17: 4 | K17: Deity name, Temple name | L17: Long life | M17: R3 | N17: =IFERROR(VLOOKUP(M17,'Packing Guide'!$A$60:$B$66,2,FALSE()),"") -> Rack 3 – Photos, Frames & Fragile | O17: Store flat. | P17: 150 | Q17: 300 | R17: Existing
A18: CTL | B18: Charan Tulasi | C18: Kalasha & Yagna Prasadam | D18: Both | E18: Tulasi leaves offered at the Lord's Lotus Feet. | F18: Pouch | G18: 3–5 leaves | H18: Shade-dry fully (2–3 days), then food-grade zip-lock or butter-paper pouch | I18: 2"x3" FOOD-GRADE virgin LDPE zip-lock, or glassine/butter-paper pouch; NO silica gel inside (edible) | J18: 1 | K18: "Charan Tulasi – please honour, do not discard", Packed date | L18: 6 months (dry) | M18: R1 | N18: =IFERROR(VLOOKUP(M18,'Packing Guide'!$A$60:$B$66,2,FALSE()),"") -> Rack 1 – Prasadam & Edibles | O18: Must be completely dry before packing (else fungus). Keep away from agarbathi/perfume rack (absorbs smell). | P18: 300 | Q18: 600 | R18: Existing
A19: CAM | B19: Charanamrita | C19: Holy Items & Liquids | D19: Both | E19: Sacred water/liquid from the Abhishekam of the Lord. | F19: Bottle | G19: 20–30 ml | H19: Small PET bottle, screw cap + shrink band (tamper evident) | I19: 20/30 ml PET bottle, food grade; fill to neck; screw cap + PVC shrink band; pack bottles upright in zip bag of 10 | J19: 4 | K19: "Charanamrita", Packed date, Best before, "Keep cool" | L19: Water-based: 7 days; Milk/curd-based: SAME DAY only | M19: R2 | N19: =IFERROR(VLOOKUP(M19,'Packing Guide'!$A$60:$B$66,2,FALSE()),"") -> Rack 2 – Liquids & Oils (bottom shelf, in trays) | O19: Dairy-based charanamrita must NOT be stocked – prepare on the day. Store water-based in cool place. | P19: 50 | Q19: 100 | R19: Existing | S19: Perishable – pack in small batches only.
A20: HWR | B20: Holy Water from Holy Rivers | C20: Holy Items & Liquids | D20: Both | E20: Ganga / Yamuna / holy-river water brought from yatras. | F20: Bottle | G20: 30–50 ml | H20: PET/HDPE bottle, screw cap + shrink band | I20: 30/50 ml PET; label with river & place; pack upright in zip bag of 10 | J20: 4 | K20: River name, Place, Collected date, Batch No. | L20: 24 months (sealed) | M20: R2 | N20: =IFERROR(VLOOKUP(M20,'Packing Guide'!$A$60:$B$66,2,FALSE()),"") -> Rack 2 – Liquids & Oils (bottom shelf, in trays) | O20: Filter before bottling. Store upright, away from sunlight. | P20: 100 | Q20: 200 | R20: Existing | S20: Great yatra souvenir – collect during each yatra.
A21: BPF | B21: Badrinath Prasadam Perfume (Attar) | C21: Fragrance & Puja | D21: Donors | E21: Perfume/attar prasadam from Badrinath. | F21: Bottle | G21: 3 ml | H21: Glass roll-on/attar vial in bubble sleeve, placed in small box | I21: 3 ml glass vial, tight cap + cap tape; bubble sleeve; keep upright | J21: 12 | K21: Item name, Origin, FRAGILE | L21: 24 months | M21: LK | N21: =IFERROR(VLOOKUP(M21,'Packing Guide'!$A$60:$B$66,2,FALSE()),"") -> Locked Cabinet – Valuables | O21: Heat & light reduce fragrance – keep in closed cabinet. Never store with food items. | P21: 50 | Q21: 100 | R21: Existing
A22: CHN | B22: Chandan Prasadam | C22: Kalasha & Yagna Prasadam | D22: Both | E22: Sandalwood paste offered to the Lord (e.g. Chandan Yatra). | F22: Pouch | G22: 2–3 g dried tablet / powder | H22: Dry the chandan into small tablets/powder → zip-lock; if paste, 5 g PP container | I22: 2"x3" food-grade zip-lock 50 micron (dry), or 5 g PP container (paste) | J22: 1.5 | K22: "Chandan Prasadam", Packed date, Batch No. | L22: Dry: 12 months; Paste: 7 days | M22: R1 | N22: =IFERROR(VLOOKUP(M22,'Packing Guide'!$A$60:$B$66,2,FALSE()),"") -> Rack 1 – Prasadam & Edibles | O22: Wet chandan spoils – always dry before stocking. | P22: 200 | Q22: 400 | R22: Existing
A23: AGR | B23: Agarbathi | C23: Fragrance & Puja | D23: Both | E23: Incense sticks (temple brand or offered). | F23: Pack | G23: 10 sticks | H23: Kraft/OPP pouch with temple sticker (or keep original sealed pack) | I23: Repack 10 sticks in OPP sleeve or kraft pouch; temple sticker | J23: 1.5 | K23: Fragrance name, Temple name | L23: 24 months | M23: R5 | N23: =IFERROR(VLOOKUP(M23,'Packing Guide'!$A$60:$B$66,2,FALSE()),"") -> Rack 5 – Fragrance & Puja items | O23: Keep dry, away from edibles & tulasi. | P23: 200 | Q23: 400 | R23: Existing
A24: BKS | B24: Book (small booklet) | C24: Books & Media | D24: Both | E24: Small spiritual booklet for first-time visitors/yatris. | F24: Piece | G24: 1 | H24: Shrink wrap (bundles of 10) or OPP sleeve | I24: Heat-shrink film bundle of 10; individual OPP sleeve for donor kits | J24: 1 | K24: Title, Language | L24: Long life | M24: R4 | N24: =IFERROR(VLOOKUP(M24,'Packing Guide'!$A$60:$B$66,2,FALSE()),"") -> Rack 4 – Books, Cards & Paper | O24: Store flat, off the floor, away from walls (damp). | P24: 200 | Q24: 400 | R24: Existing
A25: JML | B25: Japa Mala (Tulasi beads) | C25: Japa & Spiritual | D25: Both | E25: 108-bead tulasi japa mala for chanting Hare Krishna Maha-mantra. | F25: Piece | G25: 1 | H25: Zip-lock pouch with "How to chant" card (or inside Japa Bag) | I25: 4"x6" zip-lock 50 micron + chanting instruction card | J25: 2 | K25: Item name, How-to-chant card | L25: Long life | M25: R5 | N25: =IFERROR(VLOOKUP(M25,'Packing Guide'!$A$60:$B$66,2,FALSE()),"") -> Rack 5 – Fragrance & Puja items | O25: Keep dry (tulasi beads crack/fungus in damp). | P25: 100 | Q25: 200 | R25: Existing
A26: JBG | B26: Japa Bag | C26: Japa & Spiritual | D26: Both | E26: Cloth bag for japa mala. | F26: Piece | G26: 1 | H26: Fold, OPP bag (bundles of 10) | I26: OPP bag 6"x9" | J26: 1 | K26: Item name, Size | L26: Long life | M26: R5 | N26: =IFERROR(VLOOKUP(M26,'Packing Guide'!$A$60:$B$66,2,FALSE()),"") -> Rack 5 – Fragrance & Puja items | O26: Keep dry, pest-free (naphthalene NOT near edibles). | P26: 100 | Q26: 200 | R26: Existing
A27: MCD | B27: Mantra Card | C27: Protection & Mantra | D27: Both | E27: Hare Krishna Maha-mantra card / Narasimha pranam card. | F27: Card | G27: 1 | H27: Laminated card, OPP bundles of 50 | I27: Visiting-card or A6 size, 300 GSM, lamination | J27: 1.5 | K27: Title, Temple contact | L27: Long life | M27: R4 | N27: =IFERROR(VLOOKUP(M27,'Packing Guide'!$A$60:$B$66,2,FALSE()),"") -> Rack 4 – Books, Cards & Paper | O27: Store flat. | P27: 300 | Q27: 600 | R27: Existing | S27: Cheapest high-impact item – include in every kit.
A28: SPB | B28: Srila Prabhupada Books (Gita, Krishna Book) | C28: Books & Media | D28: Donors | E28: Bhagavad-gita As It Is, Krishna Book and other SP books. | F28: Book | G28: 1 | H28: Shrink wrap + gift tag / bookmark inside | I28: Heat-shrink film; for big donors gift-wrap in kraft paper | J28: 3 | K28: Title, Language | L28: Long life | M28: R4 | N28: =IFERROR(VLOOKUP(M28,'Packing Guide'!$A$60:$B$66,2,FALSE()),"") -> Rack 4 – Books, Cards & Paper | O28: Store flat, max 15 high; off floor; check for termites. | P28: 50 | Q28: 100 | R28: Existing
A29: LPS | B29: LP Set Combo | C29: Books & Media | D29: Donors | E29: Combo set (contents to be confirmed by management). | F29: Set | G29: 1 | H29: Gift box / shrink wrap | I29: Box or shrink-wrapped set | J29: 5 | K29: Set name, Contents list | L29: Long life | M29: R4 | N29: =IFERROR(VLOOKUP(M29,'Packing Guide'!$A$60:$B$66,2,FALSE()),"") -> Rack 4 – Books, Cards & Paper | O29: Please confirm contents and update this row. | P29: 25 | Q29: 50 | R29: Existing | S29: CLARIFY: what does 'LP Set' contain?
A30: PEN | B30: Pen Drive with Kirtans & Mantras | C30: Books & Media | D30: Donors | E30: Pen drive pre-loaded with kirtans, mantras, lectures. | F30: Piece | G30: 1 | H30: Small plastic/kraft box or anti-static zip pouch + content list card | I30: Anti-static zip pouch or 2"x3" box; content list card | J30: 3 | K30: Content list, Capacity, Version/date | L30: Long life (re-verify files every 6 months) | M30: LK | N30: =IFERROR(VLOOKUP(M30,'Packing Guide'!$A$60:$B$66,2,FALSE()),"") -> Locked Cabinet – Valuables | O30: Test 1 in 20 before issue. Keep in locked cabinet. | P30: 25 | Q30: 50 | R30: Existing
A31: CDS | B31: Chardham Souvenir | C31: Souvenirs & Coins | D31: Both | E31: Souvenir from Chardham Yatra (Kedarnath, Badrinath, Gangotri, Yamunotri). | F31: Piece | G31: 1 | H31: Bubble wrap + gift box | I31: Bubble wrap; printed gift box with yatra name | J31: 10 | K31: Item, Yatra name, Year | L31: Long life | M31: R3 | N31: =IFERROR(VLOOKUP(M31,'Packing Guide'!$A$60:$B$66,2,FALSE()),"") -> Rack 3 – Photos, Frames & Fragile | O31: Fragile items on lower shelves. | P31: 50 | Q31: 100 | R31: Existing
A32: LXC | B32: Lakshmi Coins | C32: Souvenirs & Coins | D32: Donors | E32: Lakshmi coins (silver-plated/brass) for prosperity blessings. | F32: Piece | G32: 1 | H32: Coin capsule or velvet pouch + anti-tarnish paper | I32: Clear coin capsule (fits coin size) in small velvet pouch | J32: 6 | K32: Item, Metal, Batch No. | L32: Long life | M32: LK | N32: =IFERROR(VLOOKUP(M32,'Packing Guide'!$A$60:$B$66,2,FALSE()),"") -> Locked Cabinet – Valuables | O32: HIGH VALUE – keep in locked cabinet; issue against register; count weekly. | P32: 50 | Q32: 100 | R32: Existing
A33: KUM | B33: Kumkum | C33: Fragrance & Puja | D33: Both | E33: Kumkum prasadam. | F33: Container | G33: 5 g | H33: 5 g PP snap/screw container, OR heat-sealed sachet inside zip-lock | I33: 5 g PP container; or 2"x3" heat-sealed sachet | J33: 3 | K33: "Kumkum Prasadam", Packed date | L33: 24 months | M33: R5 | N33: =IFERROR(VLOOKUP(M33,'Packing Guide'!$A$60:$B$66,2,FALSE()),"") -> Rack 5 – Fragrance & Puja items | O33: Powder stains – always double-pack. Keep dry. | P33: 200 | Q33: 400 | R33: Existing
A34: SCT | B34: Scent Sticks | C34: Fragrance & Puja | D34: Both | E34: Scented sticks. | F34: Pouch | G34: 5 sticks | H34: Zip cover (as specified) | I34: 3"x8" zip-lock 50 micron | J34: 1.5 | K34: Fragrance name, Temple name | L34: 24 months | M34: R5 | N34: =IFERROR(VLOOKUP(M34,'Packing Guide'!$A$60:$B$66,2,FALSE()),"") -> Rack 5 – Fragrance & Puja items | O34: Keep away from edibles. | P34: 200 | Q34: 400 | R34: Existing
A35: DHP | B35: Dhoop Sticks | C35: Fragrance & Puja | D35: Both | E35: Dhoop sticks for home puja. | F35: Pack | G35: 10 sticks | H35: Original box, or zip-lock with sticker | I35: 3"x8" zip-lock 50 micron | J35: 1.5 | K35: Fragrance name | L35: 24 months | M35: R5 | N35: =IFERROR(VLOOKUP(M35,'Packing Guide'!$A$60:$B$66,2,FALSE()),"") -> Rack 5 – Fragrance & Puja items | O35: Keep dry. | P35: 150 | Q35: 300 | R35: Existing
A36: CDL | B36: Candles / Diyas | C36: Fragrance & Puja | D36: Both | E36: Candles for festivals (Karthika, Diwali). | F36: Piece | G36: 1 | H36: Kraft box or shrink wrap | I36: Store in original boxes | J36: 1 | K36: Item, Burn time | L36: Long life | M36: R5 | N36: =IFERROR(VLOOKUP(M36,'Packing Guide'!$A$60:$B$66,2,FALSE()),"") -> Rack 5 – Fragrance & Puja items | O36: Keep below 30°C (melts/bends). Not near gas or heat. | P36: 100 | Q36: 200 | R36: Existing
A37: BBS | B37: Bahumana Bag – Small | C37: Gift Packaging Material | D37: Both | E37: Small gift bag (yatri kits / small donations). | F37: Piece | G37: 1 | H37: — | I37: Cloth/jute/kraft paper bag (plastic carry bags avoided) | K37: — | L37: Long life | M37: R6 | N37: =IFERROR(VLOOKUP(M37,'Packing Guide'!$A$60:$B$66,2,FALSE()),"") -> Rack 6 – Packing & Serving Material | O37: Store flat in bundles of 50. | P37: 200 | Q37: 400 | R37: Existing
A38: BBM | B38: Bahumana Bag – Medium | C38: Gift Packaging Material | D38: Both | E38: Medium gift bag (regular donors). | F38: Piece | G38: 1 | H38: — | I38: Cloth/jute bag with temple print | K38: — | L38: Long life | M38: R6 | N38: =IFERROR(VLOOKUP(M38,'Packing Guide'!$A$60:$B$66,2,FALSE()),"") -> Rack 6 – Packing & Serving Material | O38: Store flat in bundles of 25. | P38: 100 | Q38: 200 | R38: Existing
A39: BBB | B39: Bahumana Bag – Big | C39: Gift Packaging Material | D39: Donors | E39: Big gift bag (major donors / patrons). | F39: Piece | G39: 1 | H39: — | I39: Premium jute/canvas bag with temple print | K39: — | L39: Long life | M39: R6 | N39: =IFERROR(VLOOKUP(M39,'Packing Guide'!$A$60:$B$66,2,FALSE()),"") -> Rack 6 – Packing & Serving Material | O39: Store flat in bundles of 25. | P39: 50 | Q39: 100 | R39: Existing
A40: PBS | B40: Prasadam Box – Small | C40: Prasadam Serving Material | D40: Both | E40: Small sweet/prasadam box. | F40: Piece | G40: 1 | H40: — | I40: Food-grade duplex board box | K40: — | L40: Long life | M40: R6 | N40: =IFERROR(VLOOKUP(M40,'Packing Guide'!$A$60:$B$66,2,FALSE()),"") -> Rack 6 – Packing & Serving Material | O40: Keep flat-packed; assemble only on the day. | P40: 300 | Q40: 600 | R40: Existing
A41: PBB | B41: Prasadam Box – Big | C41: Prasadam Serving Material | D41: Donors | E41: Big prasadam box. | F41: Piece | G41: 1 | H41: — | I41: Food-grade duplex board box | K41: — | L41: Long life | M41: R6 | N41: =IFERROR(VLOOKUP(M41,'Packing Guide'!$A$60:$B$66,2,FALSE()),"") -> Rack 6 – Packing & Serving Material | O41: Keep flat-packed. | P41: 100 | Q41: 200 | R41: Existing
A42: BPC | B42: Butter Paper Cover – "Always Remember Krishna, Never Forget Krishna" | C42: Prasadam Serving Material | D42: Both | E42: Printed butter-paper cover for dry prasadam. | F42: Piece | G42: 1 | H42: — | I42: Food-grade butter/glassine paper, printed | K42: — | L42: Long life | M42: R6 | N42: =IFERROR(VLOOKUP(M42,'Packing Guide'!$A$60:$B$66,2,FALSE()),"") -> Rack 6 – Packing & Serving Material | O42: Keep dry, flat, bundles of 100. | P42: 500 | Q42: 1000 | R42: Existing
A43: MPT | B43: Mud Pots (Pongal / Kichadi Prasadam) | C43: Prasadam Serving Material | D43: Both | E43: Clay pots for serving Sweet Pongal or Kichadi prasadam. | F43: Piece | G43: 1 | H43: — | I43: Small clay pots with lid/butter-paper cover | K43: — | L43: Long life | M43: R6 | N43: =IFERROR(VLOOKUP(M43,'Packing Guide'!$A$60:$B$66,2,FALSE()),"") -> Rack 6 – Packing & Serving Material | O43: FRAGILE – store in crates with straw/paper; wash & sun-dry before use. | P43: 100 | Q43: 200 | R43: Existing
A44: BTS | B44: Bento Box – Small | C44: Prasadam Serving Material | D44: Both | E44: Compartment box – small. | F44: Piece | G44: 1 | H44: — | I44: Food-grade compartment box with lid | K44: — | L44: Long life | M44: R6 | N44: =IFERROR(VLOOKUP(M44,'Packing Guide'!$A$60:$B$66,2,FALSE()),"") -> Rack 6 – Packing & Serving Material | O44: Keep in cartons, dust-free. | P44: 100 | Q44: 200 | R44: Existing
A45: BTM | B45: Bento Box – Medium | C45: Prasadam Serving Material | D45: Both | E45: Compartment box – medium. | F45: Piece | G45: 1 | H45: — | I45: Food-grade compartment box with lid | K45: — | L45: Long life | M45: R6 | N45: =IFERROR(VLOOKUP(M45,'Packing Guide'!$A$60:$B$66,2,FALSE()),"") -> Rack 6 – Packing & Serving Material | O45: Keep in cartons, dust-free. | P45: 100 | Q45: 200 | R45: Existing
A46: BTB | B46: Bento Box – Big (Chappan Bhog) | C46: Prasadam Serving Material | D46: Donors | E46: Compartment box – big (multi-item bhog). | F46: Piece | G46: 1 | H46: — | I46: Food-grade multi-compartment box with lid | K46: — | L46: Long life | M46: R6 | N46: =IFERROR(VLOOKUP(M46,'Packing Guide'!$A$60:$B$66,2,FALSE()),"") -> Rack 6 – Packing & Serving Material | O46: Keep in cartons, dust-free. | P46: 50 | Q46: 100 | R46: Existing
A47: ARP | B47: Areca-nut Leaf Plates | C47: Prasadam Serving Material | D47: Both | E47: Eco-friendly areca plates for prasadam. | F47: Piece | G47: 1 | H47: — | I47: 6" / 8" / 10" areca plates | K47: — | L47: 12 months (keep dry) | M47: R6 | N47: =IFERROR(VLOOKUP(M47,'Packing Guide'!$A$60:$B$66,2,FALSE()),"") -> Rack 6 – Packing & Serving Material | O47: Damp causes fungus – keep sealed, off floor. | P47: 500 | Q47: 1000 | R47: Existing
A48: ZL1 | B48: Zip-lock Pouch 2"x3" (50–60 micron) | C48: Packing Consumables | D48: Internal | E48: For thread, tilak outer, tulasi, chandan, kumkum. | F48: Piece | G48: 1 | H48: — | I48: Clear LDPE, food grade, 50–60 micron | K48: — | L48: Long life | M48: R6 | N48: =IFERROR(VLOOKUP(M48,'Packing Guide'!$A$60:$B$66,2,FALSE()),"") -> Rack 6 – Packing & Serving Material | O48: Order in 1,000s. | P48: 1000 | Q48: 3000 | R48: Suggested | S48: Approx ₹1–2/pc (online listings, Oct 2026).
A49: ZL2 | B49: Zip-lock Pouch 4"x6" | C49: Packing Consumables | D49: Internal | E49: For japa mala, small kits. | F49: Piece | G49: 1 | H49: — | I49: Clear LDPE 50 micron | K49: — | L49: Long life | M49: R6 | N49: =IFERROR(VLOOKUP(M49,'Packing Guide'!$A$60:$B$66,2,FALSE()),"") -> Rack 6 – Packing & Serving Material | P49: 300 | Q49: 1000 | R49: Suggested
A50: ZL3 | B50: Zip-lock Pouch 3"x8" (sticks) | C50: Packing Consumables | D50: Internal | E50: For scent / dhoop sticks. | F50: Piece | G50: 1 | H50: — | I50: Clear LDPE 50 micron | K50: — | L50: Long life | M50: R6 | N50: =IFERROR(VLOOKUP(M50,'Packing Guide'!$A$60:$B$66,2,FALSE()),"") -> Rack 6 – Packing & Serving Material | P50: 300 | Q50: 1000 | R50: Suggested
A51: CNT | B51: 5 g Leak-proof PP Container | C51: Packing Consumables | D51: Internal | E51: For tilak and kumkum. | F51: Piece | G51: 1 | H51: — | I51: PP screw cap with inner wad | K51: — | L51: Long life | M51: R6 | N51: =IFERROR(VLOOKUP(M51,'Packing Guide'!$A$60:$B$66,2,FALSE()),"") -> Rack 6 – Packing & Serving Material | P51: 300 | Q51: 1000 | R51: Suggested | S51: Approx ₹5–7/pc (online listings, Oct 2026).
A52: BTL | B52: 20–50 ml PET Bottle + Cap + Shrink Band | C52: Packing Consumables | D52: Internal | E52: For holy water and charanamrita. | F52: Piece | G52: 1 | H52: — | I52: Food-grade PET, matching cap neck size | K52: — | L52: Long life | M52: R6 | N52: =IFERROR(VLOOKUP(M52,'Packing Guide'!$A$60:$B$66,2,FALSE()),"") -> Rack 6 – Packing & Serving Material | O52: Check cap neck size matches bottle. | P52: 200 | Q52: 500 | R52: Suggested | S52: Approx ₹2–5/pc incl. cap.
A53: LBL | B53: Printed Labels / Stickers (roll) | C53: Packing Consumables | D53: Internal | E53: Item labels with batch no. & date. | F53: Label | G53: 1 | H53: — | I53: Chromo paper sticker roll; batch/date written or stamped | K53: — | L53: Long life | M53: R6 | N53: =IFERROR(VLOOKUP(M53,'Packing Guide'!$A$60:$B$66,2,FALSE()),"") -> Rack 6 – Packing & Serving Material | P53: 1000 | Q53: 3000 | R53: Suggested
A54: OPP | B54: OPP Self-adhesive Sleeves (assorted) | C54: Packing Consumables | D54: Internal | E54: For photos, cards, books. | F54: Piece | G54: 1 | H54: — | I54: 4"x6", A5, A4 sizes | K54: — | L54: Long life | M54: R6 | N54: =IFERROR(VLOOKUP(M54,'Packing Guide'!$A$60:$B$66,2,FALSE()),"") -> Rack 6 – Packing & Serving Material | P54: 500 | Q54: 1500 | R54: Suggested
A55: BWR | B55: Bubble Wrap | C55: Packing Consumables | D55: Internal | E55: For frames, table tops, souvenirs. | F55: Metre | G55: 1 | H55: — | I55: 1 m wide roll | K55: — | L55: Long life | M55: R6 | N55: =IFERROR(VLOOKUP(M55,'Packing Guide'!$A$60:$B$66,2,FALSE()),"") -> Rack 6 – Packing & Serving Material | P55: 20 | Q55: 50 | R55: Suggested
A56: CAL | B56: Temple Calendar 2027 | C56: Suggested New Items | D56: Both | E56: Wall/table calendar with festival & Ekadashi dates – donors see the temple 365 days a year. | F56: Piece | G56: 1 | H56: Shrink wrap / OPP bag | I56: Table calendar with Deity photos & donation QR | K56: Year | L56: Valid till Dec 2027 | M56: R4 | N56: =IFERROR(VLOOKUP(M56,'Packing Guide'!$A$60:$B$66,2,FALSE()),"") -> Rack 4 – Books, Cards & Paper | O56: Order by November for January distribution. | P56: 100 | Q56: 300 | R56: Suggested | S56: High recall value – put seva/donation QR on each page.
A57: BMK | B57: Bookmark with Mantra | C57: Suggested New Items | D57: Both | E57: Bookmark with Narasimha pranam / Maha-mantra. | F57: Piece | G57: 1 | H57: OPP bundles of 50 | I57: 300 GSM, laminated | K57: Title | L57: Long life | M57: R4 | N57: =IFERROR(VLOOKUP(M57,'Packing Guide'!$A$60:$B$66,2,FALSE()),"") -> Rack 4 – Books, Cards & Paper | P57: 300 | Q57: 600 | R57: Suggested | S57: Insert into every book given.
A58: KNT | B58: Kanthi Mala (neck beads) | C58: Suggested New Items | D58: Both | E58: Tulasi neck beads. | F58: Piece | G58: 1 | H58: Mini zip-lock + card | I58: 2"x3" zip-lock | K58: Item name | L58: Long life | M58: R5 | N58: =IFERROR(VLOOKUP(M58,'Packing Guide'!$A$60:$B$66,2,FALSE()),"") -> Rack 5 – Fragrance & Puja items | O58: Keep dry. | P58: 100 | Q58: 200 | R58: Suggested
A59: GCH | B59: Gopi Chandan Tilak | C59: Suggested New Items | D59: Both | E59: Gopi chandan for Vaishnava tilak. | F59: Piece | G59: 1 small block | H59: Zip-lock + how-to-apply card | I59: 2"x3" zip-lock | K59: Item name, How-to card | L59: Long life | M59: R1 | N59: =IFERROR(VLOOKUP(M59,'Packing Guide'!$A$60:$B$66,2,FALSE()),"") -> Rack 1 – Prasadam & Edibles | P59: 100 | Q59: 200 | R59: Suggested
A60: GWK | B60: Ghee Wicks / Diya (Karthika Deepam) | C60: Suggested New Items | D60: Both | E60: Ready-to-light ghee wicks for Karthika month. | F60: Pack | G60: 5 wicks | H60: Food-grade sealed pouch / small box | I60: Heat-sealed pouch | K60: Item, Packed date, Best before | L60: 3 months | M60: R5 | N60: =IFERROR(VLOOKUP(M60,'Packing Guide'!$A$60:$B$66,2,FALSE()),"") -> Rack 5 – Fragrance & Puja items | O60: Keep cool; ghee can turn rancid. | P60: 100 | Q60: 300 | R60: Suggested | S60: Seasonal: Oct–Nov.
A61: DRP | B61: Dry Prasadam Pack (laddu / chikki / dry fruits) | C61: Suggested New Items | D61: Both | E61: Longer-life dry prasadam for yatris & out-station donors. | F61: Pack | G61: 100 g | H61: Butter-paper cover inside printed prasadam box | I61: Food-grade butter paper + duplex box | K61: Prasadam name, Prepared date, Best before, FSSAI no. | L61: 7–15 days | M61: R1 | N61: =IFERROR(VLOOKUP(M61,'Packing Guide'!$A$60:$B$66,2,FALSE()),"") -> Rack 1 – Prasadam & Edibles | O61: FIFO strictly; check best-before every week. | P61: 50 | Q61: 150 | R61: Suggested | S61: Coordinate with kitchen; prepare 1–2 days before yatra.
A62: TYC | B62: Thank-you Card + Receipt Envelope | C62: Suggested New Items | D62: Donors | E62: Personal thank-you card & envelope for 80G receipt. | F62: Set | G62: 1 | H62: Bundles of 50 | I62: Printed card + envelope | K62: — | L62: Long life | M62: R4 | N62: =IFERROR(VLOOKUP(M62,'Packing Guide'!$A$60:$B$66,2,FALSE()),"") -> Rack 4 – Books, Cards & Paper | P62: 200 | Q62: 500 | R62: Suggested | S62: Handwrite donor name – builds lasting relationship.
A63: YID | B63: Yatri ID Card + Lanyard | C63: Suggested New Items | D63: Yatris | E63: Identification card for each yatri (name, group, emergency contact). | F63: Set | G63: 1 | H63: Zip-lock 4"x6" | I63: PVC card holder + lanyard | K63: — | L63: Long life | M63: R6 | N63: =IFERROR(VLOOKUP(M63,'Packing Guide'!$A$60:$B$66,2,FALSE()),"") -> Rack 6 – Packing & Serving Material | P63: 100 | Q63: 300 | R63: Suggested | S63: Useful for crowd management & safety on yatras.
A65: Note: 'Est. Packing Cost' = packing material only (pouch/container/label), not the item itself. Indicative – based on IndiaMart/TradeIndia listings, Oct 2026.

Sheet Packing Guide
A1: Packing Guide – Simple, low-cost, leak-proof & respectful
A2: Research summary: which packing to use for which item, step-by-step SOP, labels, storage layout and compliance.
A4: A. Packing options compared (indicative costs, India, Oct 2026)
A5: Packing Option | B5: Best For (Item IDs) | C5: Approx. Cost / Unit (₹) | D5: Advantages | E5: Limitations | F5: Verdict
A6: Clear LDPE zip-lock pouch, 50–60 micron (2"x3", 3"x4", 4"x6", 3"x8") | B6: THR, CTL, CHN, SCT, DHP, JML, KNT, GCH, outer layer for TIL & KUM | C6: ₹0.50 – 2 | D6: Cheapest; re-closable; transparent (donor sees the item); no machine needed; easy to count & stack | E6: Zip does not stop oil seepage; thin (<40 micron) bags tear; plastic – use food-grade for edibles | F6: ★ PRIMARY CHOICE for dry items
A7: Heat-sealed LDPE / laminated sachet (hand impulse sealer ~₹1,500–3,000 one-time) | B7: TIL (oily), KUM (powder), GWK | C7: ₹0.30 – 1 | D7: Air-tight & leak-proof; tamper-evident; very low running cost; professional look | E7: Needs a sealer machine & a little training; not re-closable | F7: ★ Best for oily/powder items at volume
A8: 5 g / 10 g PP screw-cap container with inner wad | B8: TIL, KUM, CHN (paste) | C8: ₹3 – 7 | D8: Rigid, re-usable by devotee, holds oily tilak safely; looks premium | E8: Costlier; must not overfill; cap can loosen in transit – tape it | F8: ★ Recommended for tilak (inside zip-lock)
A9: PET / HDPE bottle 20–50 ml, screw cap + PVC shrink band | B9: HWR, CAM | C9: ₹2 – 5 (incl. cap) | D9: Leak-proof; tamper-evident; light; ideal for yatra holy water | E9: Cap neck size must match bottle; dairy liquids spoil | F9: ★ Standard for liquids
A10: Glass attar vial 3 ml + bubble sleeve | B10: BPF | C10: ₹8 – 15 | D10: Protects fragrance; premium feel | E10: Fragile; costlier | F10: Use for perfume only
A11: OPP self-adhesive cellophane sleeve | B11: PRG, PHN, PLN, KPR, MCD, STK, AKV, AKR, BKS, CAL, BMK | C11: ₹0.50 – 3 | D11: Crystal-clear; protects from dust & finger-marks; flat storage | E11: Not for liquids/oils | F11: ★ Standard for photos & printed items
A12: Butter paper / glassine cover (printed) | B12: CTL, DRP, dry prasadam | C12: ₹1 – 2 | D12: Food-safe, eco-friendly, breathable, carries our message | E12: Not moisture-proof; not for oily items unless grease-proof grade | F12: Eco option for edibles
A13: Kraft-paper stand-up pouch with window & zip | B13: Premium donor kits, AGR, CHN | C13: ₹5 – 12 | D13: Eco look; premium; printable | E13: Costlier than plain zip-lock | F13: For Gold / Patron donor kits
A14: Organza / velvet drawstring pouch | B14: KAV, LXC, JML (donor) | C14: ₹4 – 15 | D14: Auspicious & gift-like; re-usable | E14: Not waterproof | F14: For valuables & amulets
A15: Bubble wrap + 3-ply corrugated box / gift box | B15: PFR, TTP, CDS | C15: ₹10 – 40 | D15: Prevents breakage in transit | E15: Bulky; more storage space | F15: Must for glass / fragile
A16: Heat-shrink film (heat gun) | B16: SPB, BKS bundles, LPS, MBX | C16: ₹1 – 3 | D16: Dust & moisture protection; neat bundles | E16: Needs heat gun | F16: For books & sets
A17: Cloth / jute Bahumana bag | B17: Outer bag for every kit | C17: ₹15 – 80 | D17: Re-usable, carries temple branding into homes for years; avoids banned plastic carry bags | E17: Higher cost | F17: ★ Outer bag for all kits
A18: Prices: indicative ranges compiled from Indian wholesale marketplace listings (IndiaMart / TradeIndia), Oct 2026. Take 3 local quotes before buying in bulk.
A20: B. Golden rules for OILY & LIQUID items (Narasimha Yagna Tilak, Charanamrita, Holy Water, Perfume)
A21: 1. NEVER put oily tilak directly in a zip-lock – oil creeps through the zip. Always: leak-proof container (or heat-sealed sachet) → then zip-lock = DOUBLE BARRIER.
A22: 2. Fill containers only up to 80%. Wipe the rim and threads with a clean dry cloth before closing.
A23: 3. Close tightly, wrap a strip of cello-tape over the cap edge (or use shrink band for bottles).
A24: 4. Leak test each batch: take 5 random pieces, place upside-down on tissue paper for 30 minutes. Any stain = re-pack the whole batch.
A25: 5. Store UPRIGHT in plastic trays on the LOWEST shelf (Rack 2), so any leak does not spoil items below.
A26: 6. Keep below 30°C and away from direct sunlight. Ghee/oil-based items: best before 3 months.
A27: 7. Dairy-based Charanamrita is NOT stocked – prepare on the day. Only water-based charanamrita may be bottled (7 days).
A29: C. Packing-station SOP (step by step)
A30: 1. Clean table, wash hands; for edible prasadam (tulasi, chandan, dry prasadam) wear gloves & hair cover. Chant / play kirtan – these are the Lord's mercy.
A31: 2. Prepare materials: pouches, containers, labels, pen, batch stamp, scissors, tray, sealer (if used).
... A38: D. Label standard & batch number
A39: Every label shows | B39: Item name • Hare Krishna Movement, Hyderabad • Batch No. • Packed date • Best before (if perishable) • Temple phone / QR
A40: Batch No. format | B40: ITEMID-YYMM-NN e.g. TIL-2611-01 = Narasimha Yagna Tilak, Nov 2026, batch 1
A41: Respect line (optional) | B41: "Maha Prasadam – please honour, do not discard" / "Always Remember Krishna, Never Forget Krishna"
A42: Label size | B42: Small pouch: 1.5" x 1" sticker • Bottles: wrap label 2" x 1" • Boxes: 3" x 2"
A44: E. Compliance & good practice
A45: • Plastic Waste Management Rules (India): plastic carry bags below 120 micron are banned – use cloth/jute/kraft Bahumana bags as the OUTER bag. Small zip-lock pouches are used only as item packaging.
A46: • Use FOOD-GRADE virgin LDPE / PET for anything edible (tulasi, chandan, charanamrita, dry prasadam). Never put silica gel or naphthalene inside edible packs.
A47: • Keep fragrance items (agarbathi, dhoop, perfume, scent sticks) on a SEPARATE rack from edibles – tulasi and prasadam absorb smells.
A48: • Dry prasadam given outside the temple: mention prepared date & best before; follow FSSAI labelling if the kitchen is registered.
A58: F. Storeroom rack layout (Storage Codes)
A59: Code | B59: Rack / Location | C59: Keep here | D59: Conditions
A60: R1 | B60: Rack 1 – Prasadam & Edibles | C60: Charan Tulasi, Chandan, Kalasha threads, dry prasadam, Gopi chandan | D60: Dry, cool, odour-free; NO fragrance items nearby
A61: R2 | B61: Rack 2 – Liquids & Oils (bottom shelf, in trays) | C61: Tilak, Holy water, Charanamrita | D61: Lowest shelf, upright in trays, below 30°C
A62: R3 | B62: Rack 3 – Photos, Frames & Fragile | C62: Photo frames, table tops, photos, souvenirs | D62: Frames vertical; heavy items low
A63: R4 | B63: Rack 4 – Books, Cards & Paper | C63: Books, cards, printouts, QR cards, calendars, stickers | D63: Flat, off floor, away from wall dampness
A64: R5 | B64: Rack 5 – Fragrance & Puja items | C64: Agarbathi, dhoop, scent sticks, kumkum, candles, japa items | D64: Separate from edibles; candles below 30°C
A65: R6 | B65: Rack 6 – Packing & Serving Material | C65: Bags, boxes, bento boxes, mud pots, plates, packing consumables | D65: Flat-packed, dust-free, bundles labelled
A66: LK | B66: Locked Cabinet – Valuables | C66: Lakshmi coins, kavacha, perfume, pen drives | D66: Locked; key with in-charge; count weekly

Sheet Nov-2026
A1: Monthly Stock & Packing Register – Nov-2026
A2: Hare Krishna Movement, Hyderabad • Festivals / focus this month: Karthika month (deepam, ghee wicks), Gita Jayanti prep
A3: Month: | C3: Nov-2026 | G3: Storekeeper: | M3: Physical count date: | S3: Verified by (In-charge):
A4: Yellow = type here • Green = automatic • Opening stock = last month's physical count (or book closing if not counted) • NOV-2026: type opening stock by hand.
A6: ITEM & OPENING | G6: PACKING BATCH 1 | K6: PACKING BATCH 2 | O6: IN | P6: OUT (ISSUED) | U6: CLOSING & CONTROL | AA6: STORAGE & NOTES
A7: S.No | B7: Item ID | C7: Item Name | D7: Category | E7: Unit | F7: Opening Stock | G7: Date Packed | H7: Date Stored | I7: Batch No. | J7: Qty Packed | K7: Date Packed | L7: Date Stored | M7: Batch No. | N7: Qty Packed | O7: Total Packed / Received | P7: Issued – Donors | Q7: Issued – Yatris | R7: Issued – Events / Other | S7: Damaged / Expired | T7: Total Issued & Out | U7: Closing Stock (Book) | V7: Physical Count (Month End) | W7: Variance (Physical – Book) | X7: Reorder Level | Y7: Stock Status | Z7: Qty to Pack / Order Next Month | AA7: Best Before / Expiry | AB7: Storage Location | AC7: Packed By | AD7: Remarks
A8: 1 | B8: ='Item Master'!A5 -> THR | C8: ='Item Master'!B5 -> Kalasha Thread (wrist thread) | D8: ='Item Master'!C5 -> Kalasha & Yagna Prasadam | E8: ='Item Master'!F5 -> Pouch | O8: =N(J8)+N(N8) -> 0 | T8: =SUM(P8:S8) -> 0 | U8: =N(F8)+O8-T8 -> 0 | W8: =IF(V8="","",V8-U8) | X8: ='Item Master'!P5 -> 300 | Y8: =IF(B8="","",IF(U8<=0,"OUT OF STOCK",IF(U8<=X8,"REORDER NOW",IF(U8<=X8*1.5,"LOW","OK")))) -> OUT OF STOCK | Z8: =MAX(0,'Item Master'!Q5-IF(V8<>"",V8,U8)) -> 600 | AB8: ='Item Master'!N5 -> Rack 1 – Prasadam & Edibles
A9: 2 | B9: ='Item Master'!A6 -> TIL | C9: ='Item Master'!B6 -> Narasimha Yagna Tilak | D9: ='Item Master'!C6 -> Kalasha & Yagna Prasadam | E9: ='Item Master'!F6 -> Container | F9: 120 | G9: =DATE(2026,11,3) -> 46329 | H9: =DATE(2026,11,4) -> 46330 | I9: TIL-2611-01 | J9: 300 | O9: =N(J9)+N(N9) -> 300 | P9: 140 | Q9: 60 | R9: 20 | S9: 5 | T9: =SUM(P9:S9) -> 225 | U9: =N(F9)+O9-T9 -> 195 | W9: =IF(V9="","",V9-U9) | X9: ='Item Master'!P6 -> 300 | Y9: =IF(B9="","",IF(U9<=0,"OUT OF STOCK",IF(U9<=X9,"REORDER NOW",IF(U9<=X9*1.5,"LOW","OK")))) -> REORDER NOW | Z9: =MAX(0,'Item Master'!Q6-IF(V9<>"",V9,U9)) -> 405 | AA9: =DATE(2027,2,3) -> 46421 | AB9: ='Item Master'!N6 -> Rack 2 – Liquids & Oils (bottom shelf, in trays) | AC9: Example – overwrite | AD9: EXAMPLE ROW: 3 Nov packed 300, stored 4 Nov; 5 leaked in test
A10: 3 | B10: ='Item Master'!A7 -> KAV | C10: ='Item Master'!B7 -> Narasimha Kavacha (protective amulet / locket) | D10: ='Item Master'!C7 -> Protection & Mantra | E10: ='Item Master'!F7 -> Piece | O10: =N(J10)+N(N10) -> 0 | T10: =SUM(P10:S10) -> 0 | U10: =N(F10)+O10-T10 -> 0 | W10: =IF(V10="","",V10-U10) | X10: ='Item Master'!P7 -> 100 | Y10: =IF(B10="","",IF(U10<=0,"OUT OF STOCK",IF(U10<=X10,"REORDER NOW",IF(U10<=X10*1.5,"LOW","OK")))) -> OUT OF STOCK | Z10: =MAX(0,'Item Master'!Q7-IF(V10<>"",V10,U10)) -> 200 | AB10: ='Item Master'!N7 -> Locked Cabinet – Valuables
A11: 4 | B11: ='Item Master'!A8 -> AKV | C11: ='Item Master'!B8 -> Audio – Narasimha Kavacha (QR card) | D11: ='Item Master'!C8 -> Audio / Digital | E11: ='Item Master'!F8 -> Card | O11: =N(J11)+N(N11) -> 0 | T11: =SUM(P11:S11) -> 0 | U11: =N(F11)+O11-T11 -> 0 | W11: =IF(V11="","",V11-U11) | X11: ='Item Master'!P8 -> 200 | Y11: =IF(B11="","",IF(U11<=0,"OUT OF STOCK",IF(U11<=X11,"REORDER NOW",IF(U11<=X11*1.5,"LOW","OK")))) -> OUT OF STOCK | Z11: =MAX(0,'Item Master'!Q8-IF(V11<>"",V11,U11)) -> 500 | AB11: ='Item Master'!N8 -> Rack 4 – Books, Cards & Paper
A12: 5 | B12: ='Item Master'!A9 -> AKR | C12: ='Item Master'!B9 -> Audio – Narasimha Kirtan (QR card) | D12: ='Item Master'!C9 -> Audio / Digital | E12: ='Item Master'!F9 -> Card | O12: =N(J12)+N(N12) -> 0 | T12: =SUM(P12:S12) -> 0 | U12: =N(F12)+O12-T12 -> 0 | W12: =IF(V12="","",V12-U12) | X12: ='Item Master'!P9 -> 200 | Y12: =IF(B12="","",IF(U12<=0,"OUT OF STOCK",IF(U12<=X12,"REORDER NOW",IF(U12<=X12*1.5,"LOW","OK")))) -> OUT OF STOCK | Z12: =MAX(0,'Item Master'!Q9-IF(V12<>"",V12,U12)) -> 500 | AB12: ='Item Master'!N9 -> Rack 4 – Books, Cards & Paper
A13: 6 | B13: ='Item Master'!A10 -> PFR | C13: ='Item Master'!B10 -> Narasimha Photo Frame | D13: ='Item Master'!C10 -> Deity Photos & Frames | E13: ='Item Master'!F10 -> Piece | O13: =N(J13)+N(N13) -> 0 | T13: =SUM(P13:S13) -> 0 | U13: =N(F13)+O13-T13 -> 0 | W13: =IF(V13="","",V13-U13) | X13: ='Item Master'!P10 -> 25 | Y13: =IF(B13="","",IF(U13<=0,"OUT OF STOCK",IF(U13<=X13,"REORDER NOW",IF(U13<=X13*1.5,"LOW","OK")))) -> OUT OF STOCK | Z13: =MAX(0,'Item Master'!Q10-IF(V13<>"",V13,U13)) -> 50 | AB13: ='Item Master'!N10 -> Rack 3 – Photos, Frames & Fragile
A14: 7 | B14: ='Item Master'!A11 -> TTP | C14: ='Item Master'!B11 -> Narasimha Table Top (idol/stand) | D14: ='Item Master'!C11 -> Deity Photos & Frames | E14: ='Item Master'!F11 -> Piece | O14: =N(J14)+N(N14) -> 0 | T14: =SUM(P14:S14) -> 0 | U14: =N(F14)+O14-T14 -> 0 | W14: =IF(V14="","",V14-U14) | X14: ='Item Master'!P11 -> 20 | Y14: =IF(B14="","",IF(U14<=0,"OUT OF STOCK",IF(U14<=X14,"REORDER NOW",IF(U14<=X14*1.5,"LOW","OK")))) -> OUT OF STOCK | Z14: =MAX(0,'Item Master'!Q11-IF(V14<>"",V14,U14)) -> 40 | AB14: ='Item Master'!N11 -> Rack 3 – Photos, Frames & Fragile
A15: 8 | B15: ='Item Master'!A12 -> STK | C15: ='Item Master'!B12 -> Narasimha Sticker | D15: ='Item Master'!C12 -> Protection & Mantra | E15: ='Item Master'!F12 -> Piece | O15: =N(J15)+N(N15) -> 0 | T15: =SUM(P15:S15) -> 0 | U15: =N(F15)+O15-T15 -> 0 | W15: =IF(V15="","",V15-U15) | X15: ='Item Master'!P12 -> 300 | Y15: =IF(B15="","",IF(U15<=0,"OUT OF STOCK",IF(U15<=X15,"REORDER NOW",IF(U15<=X15*1.5,"LOW","OK")))) -> OUT OF STOCK | Z15: =MAX(0,'Item Master'!Q12-IF(V15<>"",V15,U15)) -> 600 | AB15: ='Item Master'!N12 -> Rack 4 – Books, Cards & Paper
A16: 9 | B16: ='Item Master'!A13 -> KPR | C16: ='Item Master'!B13 -> Narasimha Kavacha Print Out | D16: ='Item Master'!C13 -> Protection & Mantra | E16: ='Item Master'!F13 -> Sheet | O16: =N(J16)+N(N16) -> 0 | T16: =SUM(P16:S16) -> 0 | U16: =N(F16)+O16-T16 -> 0 | W16: =IF(V16="","",V16-U16) | X16: ='Item Master'!P13 -> 200 | Y16: =IF(B16="","",IF(U16<=0,"OUT OF STOCK",IF(U16<=X16,"REORDER NOW",IF(U16<=X16*1.5,"LOW","OK")))) -> OUT OF STOCK | Z16: =MAX(0,'Item Master'!Q13-IF(V16<>"",V16,U16)) -> 400 | AB16: ='Item Master'!N13 -> Rack 4 – Books, Cards & Paper
A17: 10 | B17: ='Item Master'!A14 -> MBX | C17: ='Item Master'!B14 -> Mantra Box | D17: ='Item Master'!C14 -> Protection & Mantra | E17: ='Item Master'!F14 -> Box | O17: =N(J17)+N(N17) -> 0 | T17: =SUM(P17:S17) -> 0 | U17: =N(F17)+O17-T17 -> 0 | W17: =IF(V17="","",V17-U17) | X17: ='Item Master'!P14 -> 50 | Y17: =IF(B17="","",IF(U17<=0,"OUT OF STOCK",IF(U17<=X17,"REORDER NOW",IF(U17<=X17*1.5,"LOW","OK")))) -> OUT OF STOCK | Z17: =MAX(0,'Item Master'!Q14-IF(V17<>"",V17,U17)) -> 100 | AB17: ='Item Master'!N14 -> Rack 4 – Books, Cards & Paper
A18: 11 | B18: ='Item Master'!A15 -> PRG | C18: ='Item Master'!B15 -> Radha Govinda Photo | D18: ='Item Master'!C15 -> Deity Photos & Frames | E18: ='Item Master'!F15 -> Piece | O18: =N(J18)+N(N18) -> 0 | T18: =SUM(P18:S18) -> 0 | U18: =N(F18)+O18-T18 -> 0 | W18: =IF(V18="","",V18-U18) | X18: ='Item Master'!P15 -> 200 | Y18: =IF(B18="","",IF(U18<=0,"OUT OF STOCK",IF(U18<=X18,"REORDER NOW",IF(U18<=X18*1.5,"LOW","OK")))) -> OUT OF STOCK | Z18: =MAX(0,'Item Master'!Q15-IF(V18<>"",V18,U18)) -> 400 | AB18: ='Item Master'!N15 -> Rack 3 – Photos, Frames & Fragile
A19: 12 | B19: ='Item Master'!A16 -> PHN | C19: ='Item Master'!B16 -> Hanuman Photo | D19: ='Item Master'!C16 -> Deity Photos & Frames | E19: ='Item Master'!F16 -> Piece | O19: =N(J19)+N(N19) -> 0 | T19: =SUM(P19:S19) -> 0 | U19: =N(F19)+O19-T19 -> 0 | W19: =IF(V19="","",V19-U19) | X19: ='Item Master'!P16 -> 100 | Y19: =IF(B19="","",IF(U19<=0,"OUT OF STOCK",IF(U19<=X19,"REORDER NOW",IF(U19<=X19*1.5,"LOW","OK")))) -> OUT OF STOCK | Z19: =MAX(0,'Item Master'!Q16-IF(V19<>"",V19,U19)) -> 200 | AB19: ='Item Master'!N16 -> Rack 3 – Photos, Frames & Fragile
A20: 13 | B20: ='Item Master'!A17 -> PLN | C20: ='Item Master'!B17 -> Lakshmi Narasimha Photo | D20: ='Item Master'!C17 -> Deity Photos & Frames | E20: ='Item Master'!F17 -> Piece | O20: =N(J20)+N(N20) -> 0 | T20: =SUM(P20:S20) -> 0 | U20: =N(F20)+O20-T20 -> 0 | W20: =IF(V20="","",V20-U20) | X20: ='Item Master'!P17 -> 150 | Y20: =IF(B20="","",IF(U20<=0,"OUT OF STOCK",IF(U20<=X20,"REORDER NOW",IF(U20<=X20*1.5,"LOW","OK")))) -> OUT OF STOCK | Z20: =MAX(0,'Item Master'!Q17-IF(V20<>"",V20,U20)) -> 300 | AB20: ='Item Master'!N17 -> Rack 3 – Photos, Frames & Fragile
A21: 14 | B21: ='Item Master'!A18 -> CTL | C21: ='Item Master'!B18 -> Charan Tulasi | D21: ='Item Master'!C18 -> Kalasha & Yagna Prasadam | E21: ='Item Master'!F18 -> Pouch | O21: =N(J21)+N(N21) -> 0 | T21: =SUM(P21:S21) -> 0 | U21: =N(F21)+O21-T21 -> 0 | W21: =IF(V21="","",V21-U21) | X21: ='Item Master'!P18 -> 300 | Y21: =IF(B21="","",IF(U21<=0,"OUT OF STOCK",IF(U21<=X21,"REORDER NOW",IF(U21<=X21*1.5,"LOW","OK")))) -> OUT OF STOCK | Z21: =MAX(0,'Item Master'!Q18-IF(V21<>"",V21,U21)) -> 600 | AB21: ='Item Master'!N18 -> Rack 1 – Prasadam & Edibles
... A66: 59 | B66: ='Item Master'!A63 -> YID | C66: ='Item Master'!B63 -> Yatri ID Card + Lanyard | D66: ='Item Master'!C63 -> Suggested New Items | E66: ='Item Master'!F63 -> Set | O66: =N(J66)+N(N66) -> 0 | T66: =SUM(P66:S66) -> 0 | U66: =N(F66)+O66-T66 -> 0 | W66: =IF(V66="","",V66-U66) | X66: ='Item Master'!P63 -> 100 | Y66: =IF(B66="","",IF(U66<=0,"OUT OF STOCK",IF(U66<=X66,"REORDER NOW",IF(U66<=X66*1.5,"LOW","OK")))) -> OUT OF STOCK | Z66: =MAX(0,'Item Master'!Q63-IF(V66<>"",V66,U66)) -> 300 | AB66: ='Item Master'!N63 -> Rack 6 – Packing & Serving Material
C67: TOTAL (all items) | F67: =SUM(F8:F66) -> 120 | J67: =SUM(J8:J66) -> 300 | N67: =SUM(N8:N66) -> 0 | O67: =SUM(O8:O66) -> 300 | P67: =SUM(P8:P66) -> 140 | Q67: =SUM(Q8:Q66) -> 60 | R67: =SUM(R8:R66) -> 20 | S67: =SUM(S8:S66) -> 5 | T67: =SUM(T8:T66) -> 225 | U67: =SUM(U8:U66) -> 195 | V67: =SUM(V8:V66) -> 0 | Y67: =COUNTIF(Y8:Y66,"REORDER NOW")+COUNTIF(Y8:Y66,"OUT OF STOCK")&" to act" -> 59 to act | Z67: =SUM(Z8:Z66) -> 26995
A69: MONTHLY STOREROOM CHECKLIST (write Y / N and initials) | J69: Done? | K69: Initials
A70: 1 | B70: Physical count of every item done and entered in 'Physical Count'
A71: 2 | B71: All variances explained in Remarks
A72: 3 | B72: Leak test done for tilak / liquid batches packed this month
A73: 4 | B73: Best-before dates checked – items expiring within 30 days moved to front / issued first
A74: 5 | B74: FIFO followed – old stock in front, new stock behind
A75: 6 | B75: Racks cleaned; floor dry; no pests / termites / rodent signs
A76: 7 | B76: Edibles kept separate from fragrance items
A77: 8 | B77: Locked cabinet (coins, kavacha, perfume, pen drives) counted & tallied
A78: 9 | B78: QR audio links tested and working
A79: 10 | B79: Packing consumables (pouches, containers, labels) sufficient for next month
A80: 11 | B80: Upcoming festival / yatra demand checked with Yatra & Donor teams
A81: 12 | B81: Sheet signed by Storekeeper and verified by In-charge
B83: Storekeeper signature: ____________________ | I83: In-charge signature: ____________________ | R83: Date: ____________

Sheet Dec-2026
A1: Monthly Stock & Packing Register – Dec-2026
A2: Hare Krishna Movement, Hyderabad • Festivals / focus this month: Gita Jayanti / Vaikuntha Ekadashi prep – books & calendars demand high
A3: Month: | C3: Dec-2026 | G3: Storekeeper: | M3: Physical count date: | S3: Verified by (In-charge):
A4: Yellow = type here • Green = automatic • Opening stock = last month's physical count (or book closing if not counted)
A6: ITEM & OPENING | G6: PACKING BATCH 1 | K6: PACKING BATCH 2 | O6: IN | P6: OUT (ISSUED) | U6: CLOSING & CONTROL | AA6: STORAGE & NOTES
A7: S.No | B7: Item ID | C7: Item Name | D7: Category | E7: Unit | F7: Opening Stock | G7: Date Packed | H7: Date Stored | I7: Batch No. | J7: Qty Packed | K7: Date Packed | L7: Date Stored | M7: Batch No. | N7: Qty Packed | O7: Total Packed / Received | P7: Issued – Donors | Q7: Issued – Yatris | R7: Issued – Events / Other | S7: Damaged / Expired | T7: Total Issued & Out | U7: Closing Stock (Book) | V7: Physical Count (Month End) | W7: Variance (Physical – Book) | X7: Reorder Level | Y7: Stock Status | Z7: Qty to Pack / Order Next Month | AA7: Best Before / Expiry | AB7: Storage Location | AC7: Packed By | AD7: Remarks
A8: 1 | B8: ='Item Master'!A5 -> THR | C8: ='Item Master'!B5 -> Kalasha Thread (wrist thread) | D8: ='Item Master'!C5 -> Kalasha & Yagna Prasadam | E8: ='Item Master'!F5 -> Pouch | F8: =IF('Nov-2026'!V8<>"",'Nov-2026'!V8,'Nov-2026'!U8) -> 0 | O8: =N(J8)+N(N8) -> 0 | T8: =SUM(P8:S8) -> 0 | U8: =N(F8)+O8-T8 -> 0 | W8: =IF(V8="","",V8-U8) | X8: ='Item Master'!P5 -> 300 | Y8: =IF(B8="","",IF(U8<=0,"OUT OF STOCK",IF(U8<=X8,"REORDER NOW",IF(U8<=X8*1.5,"LOW","OK")))) -> OUT OF STOCK | Z8: =MAX(0,'Item Master'!Q5-IF(V8<>"",V8,U8)) -> 600 | AB8: ='Item Master'!N5 -> Rack 1 – Prasadam & Edibles
A9: 2 | B9: ='Item Master'!A6 -> TIL | C9: ='Item Master'!B6 -> Narasimha Yagna Tilak | D9: ='Item Master'!C6 -> Kalasha & Yagna Prasadam | E9: ='Item Master'!F6 -> Container | F9: =IF('Nov-2026'!V9<>"",'Nov-2026'!V9,'Nov-2026'!U9) -> 195 | O9: =N(J9)+N(N9) -> 0 | T9: =SUM(P9:S9) -> 0 | U9: =N(F9)+O9-T9 -> 195 | W9: =IF(V9="","",V9-U9) | X9: ='Item Master'!P6 -> 300 | Y9: =IF(B9="","",IF(U9<=0,"OUT OF STOCK",IF(U9<=X9,"REORDER NOW",IF(U9<=X9*1.5,"LOW","OK")))) -> REORDER NOW | Z9: =MAX(0,'Item Master'!Q6-IF(V9<>"",V9,U9)) -> 405 | AB9: ='Item Master'!N6 -> Rack 2 – Liquids & Oils (bottom shelf, in trays)
A10: 3 | B10: ='Item Master'!A7 -> KAV | C10: ='Item Master'!B7 -> Narasimha Kavacha (protective amulet / locket) | D10: ='Item Master'!C7 -> Protection & Mantra | E10: ='Item Master'!F7 -> Piece | F10: =IF('Nov-2026'!V10<>"",'Nov-2026'!V10,'Nov-2026'!U10) -> 0 | O10: =N(J10)+N(N10) -> 0 | T10: =SUM(P10:S10) -> 0 | U10: =N(F10)+O10-T10 -> 0 | W10: =IF(V10="","",V10-U10) | X10: ='Item Master'!P7 -> 100 | Y10: =IF(B10="","",IF(U10<=0,"OUT OF STOCK",IF(U10<=X10,"REORDER NOW",IF(U10<=X10*1.5,"LOW","OK")))) -> OUT OF STOCK | Z10: =MAX(0,'Item Master'!Q7-IF(V10<>"",V10,U10)) -> 200 | AB10: ='Item Master'!N7 -> Locked Cabinet – Valuables
A11: 4 | B11: ='Item Master'!A8 -> AKV | C11: ='Item Master'!B8 -> Audio – Narasimha Kavacha (QR card) | D11: ='Item Master'!C8 -> Audio / Digital | E11: ='Item Master'!F8 -> Card | F11: =IF('Nov-2026'!V11<>"",'Nov-2026'!V11,'Nov-2026'!U11) -> 0 | O11: =N(J11)+N(N11) -> 0 | T11: =SUM(P11:S11) -> 0 | U11: =N(F11)+O11-T11 -> 0 | W11: =IF(V11="","",V11-U11) | X11: ='Item Master'!P8 -> 200 | Y11: =IF(B11="","",IF(U11<=0,"OUT OF STOCK",IF(U11<=X11,"REORDER NOW",IF(U11<=X11*1.5,"LOW","OK")))) -> OUT OF STOCK | Z11: =MAX(0,'Item Master'!Q8-IF(V11<>"",V11,U11)) -> 500 | AB11: ='Item Master'!N8 -> Rack 4 – Books, Cards & Paper
A12: 5 | B12: ='Item Master'!A9 -> AKR | C12: ='Item Master'!B9 -> Audio – Narasimha Kirtan (QR card) | D12: ='Item Master'!C9 -> Audio / Digital | E12: ='Item Master'!F9 -> Card | F12: =IF('Nov-2026'!V12<>"",'Nov-2026'!V12,'Nov-2026'!U12) -> 0 | O12: =N(J12)+N(N12) -> 0 | T12: =SUM(P12:S12) -> 0 | U12: =N(F12)+O12-T12 -> 0 | W12: =IF(V12="","",V12-U12) | X12: ='Item Master'!P9 -> 200 | Y12: =IF(B12="","",IF(U12<=0,"OUT OF STOCK",IF(U12<=X12,"REORDER NOW",IF(U12<=X12*1.5,"LOW","OK")))) -> OUT OF STOCK | Z12: =MAX(0,'Item Master'!Q9-IF(V12<>"",V12,U12)) -> 500 | AB12: ='Item Master'!N9 -> Rack 4 – Books, Cards & Paper
A13: 6 | B13: ='Item Master'!A10 -> PFR | C13: ='Item Master'!B10 -> Narasimha Photo Frame | D13: ='Item Master'!C10 -> Deity Photos & Frames | E13: ='Item Master'!F10 -> Piece | F13: =IF('Nov-2026'!V13<>"",'Nov-2026'!V13,'Nov-2026'!U13) -> 0 | O13: =N(J13)+N(N13) -> 0 | T13: =SUM(P13:S13) -> 0 | U13: =N(F13)+O13-T13 -> 0 | W13: =IF(V13="","",V13-U13) | X13: ='Item Master'!P10 -> 25 | Y13: =IF(B13="","",IF(U13<=0,"OUT OF STOCK",IF(U13<=X13,"REORDER NOW",IF(U13<=X13*1.5,"LOW","OK")))) -> OUT OF STOCK | Z13: =MAX(0,'Item Master'!Q10-IF(V13<>"",V13,U13)) -> 50 | AB13: ='Item Master'!N10 -> Rack 3 – Photos, Frames & Fragile
A14: 7 | B14: ='Item Master'!A11 -> TTP | C14: ='Item Master'!B11 -> Narasimha Table Top (idol/stand) | D14: ='Item Master'!C11 -> Deity Photos & Frames | E14: ='Item Master'!F11 -> Piece | F14: =IF('Nov-2026'!V14<>"",'Nov-2026'!V14,'Nov-2026'!U14) -> 0 | O14: =N(J14)+N(N14) -> 0 | T14: =SUM(P14:S14) -> 0 | U14: =N(F14)+O14-T14 -> 0 | W14: =IF(V14="","",V14-U14) | X14: ='Item Master'!P11 -> 20 | Y14: =IF(B14="","",IF(U14<=0,"OUT OF STOCK",IF(U14<=X14,"REORDER NOW",IF(U14<=X14*1.5,"LOW","OK")))) -> OUT OF STOCK | Z14: =MAX(0,'Item Master'!Q11-IF(V14<>"",V14,U14)) -> 40 | AB14: ='Item Master'!N11 -> Rack 3 – Photos, Frames & Fragile
A15: 8 | B15: ='Item Master'!A12 -> STK | C15: ='Item Master'!B12 -> Narasimha Sticker | D15: ='Item Master'!C12 -> Protection & Mantra | E15: ='Item Master'!F12 -> Piece | F15: =IF('Nov-2026'!V15<>"",'Nov-2026'!V15,'Nov-2026'!U15) -> 0 | O15: =N(J15)+N(N15) -> 0 | T15: =SUM(P15:S15) -> 0 | U15: =N(F15)+O15-T15 -> 0 | W15: =IF(V15="","",V15-U15) | X15: ='Item Master'!P12 -> 300 | Y15: =IF(B15="","",IF(U15<=0,"OUT OF STOCK",IF(U15<=X15,"REORDER NOW",IF(U15<=X15*1.5,"LOW","OK")))) -> OUT OF STOCK | Z15: =MAX(0,'Item Master'!Q12-IF(V15<>"",V15,U15)) -> 600 | AB15: ='Item Master'!N12 -> Rack 4 – Books, Cards & Paper
A16: 9 | B16: ='Item Master'!A13 -> KPR | C16: ='Item Master'!B13 -> Narasimha Kavacha Print Out | D16: ='Item Master'!C13 -> Protection & Mantra | E16: ='Item Master'!F13 -> Sheet | F16: =IF('Nov-2026'!V16<>"",'Nov-2026'!V16,'Nov-2026'!U16) -> 0 | O16: =N(J16)+N(N16) -> 0 | T16: =SUM(P16:S16) -> 0 | U16: =N(F16)+O16-T16 -> 0 | W16: =IF(V16="","",V16-U16) | X16: ='Item Master'!P13 -> 200 | Y16: =IF(B16="","",IF(U16<=0,"OUT OF STOCK",IF(U16<=X16,"REORDER NOW",IF(U16<=X16*1.5,"LOW","OK")))) -> OUT OF STOCK | Z16: =MAX(0,'Item Master'!Q13-IF(V16<>"",V16,U16)) -> 400 | AB16: ='Item Master'!N13 -> Rack 4 – Books, Cards & Paper
A17: 10 | B17: ='Item Master'!A14 -> MBX | C17: ='Item Master'!B14 -> Mantra Box | D17: ='Item Master'!C14 -> Protection & Mantra | E17: ='Item Master'!F14 -> Box | F17: =IF('Nov-2026'!V17<>"",'Nov-2026'!V17,'Nov-2026'!U17) -> 0 | O17: =N(J17)+N(N17) -> 0 | T17: =SUM(P17:S17) -> 0 | U17: =N(F17)+O17-T17 -> 0 | W17: =IF(V17="","",V17-U17) | X17: ='Item Master'!P14 -> 50 | Y17: =IF(B17="","",IF(U17<=0,"OUT OF STOCK",IF(U17<=X17,"REORDER NOW",IF(U17<=X17*1.5,"LOW","OK")))) -> OUT OF STOCK | Z17: =MAX(0,'Item Master'!Q14-IF(V17<>"",V17,U17)) -> 100 | AB17: ='Item Master'!N14 -> Rack 4 – Books, Cards & Paper
A18: 11 | B18: ='Item Master'!A15 -> PRG | C18: ='Item Master'!B15 -> Radha Govinda Photo | D18: ='Item Master'!C15 -> Deity Photos & Frames | E18: ='Item Master'!F15 -> Piece | F18: =IF('Nov-2026'!V18<>"",'Nov-2026'!V18,'Nov-2026'!U18) -> 0 | O18: =N(J18)+N(N18) -> 0 | T18: =SUM(P18:S18) -> 0 | U18: =N(F18)+O18-T18 -> 0 | W18: =IF(V18="","",V18-U18) | X18: ='Item Master'!P15 -> 200 | Y18: =IF(B18="","",IF(U18<=0,"OUT OF STOCK",IF(U18<=X18,"REORDER NOW",IF(U18<=X18*1.5,"LOW","OK")))) -> OUT OF STOCK | Z18: =MAX(0,'Item Master'!Q15-IF(V18<>"",V18,U18)) -> 400 | AB18: ='Item Master'!N15 -> Rack 3 – Photos, Frames & Fragile
A19: 12 | B19: ='Item Master'!A16 -> PHN | C19: ='Item Master'!B16 -> Hanuman Photo | D19: ='Item Master'!C16 -> Deity Photos & Frames | E19: ='Item Master'!F16 -> Piece | F19: =IF('Nov-2026'!V19<>"",'Nov-2026'!V19,'Nov-2026'!U19) -> 0 | O19: =N(J19)+N(N19) -> 0 | T19: =SUM(P19:S19) -> 0 | U19: =N(F19)+O19-T19 -> 0 | W19: =IF(V19="","",V19-U19) | X19: ='Item Master'!P16 -> 100 | Y19: =IF(B19="","",IF(U19<=0,"OUT OF STOCK",IF(U19<=X19,"REORDER NOW",IF(U19<=X19*1.5,"LOW","OK")))) -> OUT OF STOCK | Z19: =MAX(0,'Item Master'!Q16-IF(V19<>"",V19,U19)) -> 200 | AB19: ='Item Master'!N16 -> Rack 3 – Photos, Frames & Fragile
... A66: 59 | B66: ='Item Master'!A63 -> YID | C66: ='Item Master'!B63 -> Yatri ID Card + Lanyard | D66: ='Item Master'!C63 -> Suggested New Items | E66: ='Item Master'!F63 -> Set | F66: =IF('Nov-2026'!V66<>"",'Nov-2026'!V66,'Nov-2026'!U66) -> 0 | O66: =N(J66)+N(N66) -> 0 | T66: =SUM(P66:S66) -> 0 | U66: =N(F66)+O66-T66 -> 0 | W66: =IF(V66="","",V66-U66) | X66: ='Item Master'!P63 -> 100 | Y66: =IF(B66="","",IF(U66<=0,"OUT OF STOCK",IF(U66<=X66,"REORDER NOW",IF(U66<=X66*1.5,"LOW","OK")))) -> OUT OF STOCK | Z66: =MAX(0,'Item Master'!Q63-IF(V66<>"",V66,U66)) -> 300 | AB66: ='Item Master'!N63 -> Rack 6 – Packing & Serving Material
C67: TOTAL (all items) | F67: =SUM(F8:F66) -> 195 | J67: =SUM(J8:J66) -> 0 | N67: =SUM(N8:N66) -> 0 | O67: =SUM(O8:O66) -> 0 | P67: =SUM(P8:P66) -> 0 | Q67: =SUM(Q8:Q66) -> 0 | R67: =SUM(R8:R66) -> 0 | S67: =SUM(S8:S66) -> 0 | T67: =SUM(T8:T66) -> 0 | U67: =SUM(U8:U66) -> 195 | V67: =SUM(V8:V66) -> 0 | Y67: =COUNTIF(Y8:Y66,"REORDER NOW")+COUNTIF(Y8:Y66,"OUT OF STOCK")&" to act" -> 59 to act | Z67: =SUM(Z8:Z66) -> 26995
A69: MONTHLY STOREROOM CHECKLIST (write Y / N and initials) | J69: Done? | K69: Initials
A70: 1 | B70: Physical count of every item done and entered in 'Physical Count'
A71: 2 | B71: All variances explained in Remarks
A72: 3 | B72: Leak test done for tilak / liquid batches packed this month
A73: 4 | B73: Best-before dates checked – items expiring within 30 days moved to front / issued first
A74: 5 | B74: FIFO followed – old stock in front, new stock behind
A75: 6 | B75: Racks cleaned; floor dry; no pests / termites / rodent signs
A76: 7 | B76: Edibles kept separate from fragrance items
A77: 8 | B77: Locked cabinet (coins, kavacha, perfume, pen drives) counted & tallied
A78: 9 | B78: QR audio links tested and working
A79: 10 | B79: Packing consumables (pouches, containers, labels) sufficient for next month
A80: 11 | B80: Upcoming festival / yatra demand checked with Yatra & Donor teams
A81: 12 | B81: Sheet signed by Storekeeper and verified by In-charge
B83: Storekeeper signature: ____________________ | I83: In-charge signature: ____________________ | R83: Date: ____________

Sheet Jan-2027
A1: Monthly Stock & Packing Register – Jan-2027
A2: Hare Krishna Movement, Hyderabad • Festivals / focus this month: Vaikuntha Ekadashi, Sankranti – Pongal prasadam (mud pots)
A3: Month: | C3: Jan-2027 | G3: Storekeeper: | M3: Physical count date: | S3: Verified by (In-charge):
A4: Yellow = type here • Green = automatic • Opening stock = last month's physical count (or book closing if not counted)
A6: ITEM & OPENING | G6: PACKING BATCH 1 | K6: PACKING BATCH 2 | O6: IN | P6: OUT (ISSUED) | U6: CLOSING & CONTROL | AA6: STORAGE & NOTES
A7: S.No | B7: Item ID | C7: Item Name | D7: Category | E7: Unit | F7: Opening Stock | G7: Date Packed | H7: Date Stored | I7: Batch No. | J7: Qty Packed | K7: Date Packed | L7: Date Stored | M7: Batch No. | N7: Qty Packed | O7: Total Packed / Received | P7: Issued – Donors | Q7: Issued – Yatris | R7: Issued – Events / Other | S7: Damaged / Expired | T7: Total Issued & Out | U7: Closing Stock (Book) | V7: Physical Count (Month End) | W7: Variance (Physical – Book) | X7: Reorder Level | Y7: Stock Status | Z7: Qty to Pack / Order Next Month | AA7: Best Before / Expiry | AB7: Storage Location | AC7: Packed By | AD7: Remarks
A8: 1 | B8: ='Item Master'!A5 -> THR | C8: ='Item Master'!B5 -> Kalasha Thread (wrist thread) | D8: ='Item Master'!C5 -> Kalasha & Yagna Prasadam | E8: ='Item Master'!F5 -> Pouch | F8: =IF('Dec-2026'!V8<>"",'Dec-2026'!V8,'Dec-2026'!U8) -> 0 | O8: =N(J8)+N(N8) -> 0 | T8: =SUM(P8:S8) -> 0 | U8: =N(F8)+O8-T8 -> 0 | W8: =IF(V8="","",V8-U8) | X8: ='Item Master'!P5 -> 300 | Y8: =IF(B8="","",IF(U8<=0,"OUT OF STOCK",IF(U8<=X8,"REORDER NOW",IF(U8<=X8*1.5,"LOW","OK")))) -> OUT OF STOCK | Z8: =MAX(0,'Item Master'!Q5-IF(V8<>"",V8,U8)) -> 600 | AB8: ='Item Master'!N5 -> Rack 1 – Prasadam & Edibles
A9: 2 | B9: ='Item Master'!A6 -> TIL | C9: ='Item Master'!B6 -> Narasimha Yagna Tilak | D9: ='Item Master'!C6 -> Kalasha & Yagna Prasadam | E9: ='Item Master'!F6 -> Container | F9: =IF('Dec-2026'!V9<>"",'Dec-2026'!V9,'Dec-2026'!U9) -> 195 | O9: =N(J9)+N(N9) -> 0 | T9: =SUM(P9:S9) -> 0 | U9: =N(F9)+O9-T9 -> 195 | W9: =IF(V9="","",V9-U9) | X9: ='Item Master'!P6 -> 300 | Y9: =IF(B9="","",IF(U9<=0,"OUT OF STOCK",IF(U9<=X9,"REORDER NOW",IF(U9<=X9*1.5,"LOW","OK")))) -> REORDER NOW | Z9: =MAX(0,'Item Master'!Q6-IF(V9<>"",V9,U9)) -> 405 | AB9: ='Item Master'!N6 -> Rack 2 – Liquids & Oils (bottom shelf, in trays)
A10: 3 | B10: ='Item Master'!A7 -> KAV | C10: ='Item Master'!B7 -> Narasimha Kavacha (protective amulet / locket) | D10: ='Item Master'!C7 -> Protection & Mantra | E10: ='Item Master'!F7 -> Piece | F10: =IF('Dec-2026'!V10<>"",'Dec-2026'!V10,'Dec-2026'!U10) -> 0 | O10: =N(J10)+N(N10) -> 0 | T10: =SUM(P10:S10) -> 0 | U10: =N(F10)+O10-T10 -> 0 | W10: =IF(V10="","",V10-U10) | X10: ='Item Master'!P7 -> 100 | Y10: =IF(B10="","",IF(U10<=0,"OUT OF STOCK",IF(U10<=X10,"REORDER NOW",IF(U10<=X10*1.5,"LOW","OK")))) -> OUT OF STOCK | Z10: =MAX(0,'Item Master'!Q7-IF(V10<>"",V10,U10)) -> 200 | AB10: ='Item Master'!N7 -> Locked Cabinet – Valuables
A11: 4 | B11: ='Item Master'!A8 -> AKV | C11: ='Item Master'!B8 -> Audio – Narasimha Kavacha (QR card) | D11: ='Item Master'!C8 -> Audio / Digital | E11: ='Item Master'!F8 -> Card | F11: =IF('Dec-2026'!V11<>"",'Dec-2026'!V11,'Dec-2026'!U11) -> 0 | O11: =N(J11)+N(N11) -> 0 | T11: =SUM(P11:S11) -> 0 | U11: =N(F11)+O11-T11 -> 0 | W11: =IF(V11="","",V11-U11) | X11: ='Item Master'!P8 -> 200 | Y11: =IF(B11="","",IF(U11<=0,"OUT OF STOCK",IF(U11<=X11,"REORDER NOW",IF(U11<=X11*1.5,"LOW","OK")))) -> OUT OF STOCK | Z11: =MAX(0,'Item Master'!Q8-IF(V11<>"",V11,U11)) -> 500 | AB11: ='Item Master'!N8 -> Rack 4 – Books, Cards & Paper
A12: 5 | B12: ='Item Master'!A9 -> AKR | C12: ='Item Master'!B9 -> Audio – Narasimha Kirtan (QR card) | D12: ='Item Master'!C9 -> Audio / Digital | E12: ='Item Master'!F9 -> Card | F12: =IF('Dec-2026'!V12<>"",'Dec-2026'!V12,'Dec-2026'!U12) -> 0 | O12: =N(J12)+N(N12) -> 0 | T12: =SUM(P12:S12) -> 0 | U12: =N(F12)+O12-T12 -> 0 | W12: =IF(V12="","",V12-U12) | X12: ='Item Master'!P9 -> 200 | Y12: =IF(B12="","",IF(U12<=0,"OUT OF STOCK",IF(U12<=X12,"REORDER NOW",IF(U12<=X12*1.5,"LOW","OK")))) -> OUT OF STOCK | Z12: =MAX(0,'Item Master'!Q9-IF(V12<>"",V12,U12)) -> 500 | AB12: ='Item Master'!N9 -> Rack 4 – Books, Cards & Paper
A13: 6 | B13: ='Item Master'!A10 -> PFR | C13: ='Item Master'!B10 -> Narasimha Photo Frame | D13: ='Item Master'!C10 -> Deity Photos & Frames | E13: ='Item Master'!F10 -> Piece | F13: =IF('Dec-2026'!V13<>"",'Dec-2026'!V13,'Dec-2026'!U13) -> 0 | O13: =N(J13)+N(N13) -> 0 | T13: =SUM(P13:S13) -> 0 | U13: =N(F13)+O13-T13 -> 0 | W13: =IF(V13="","",V13-U13) | X13: ='Item Master'!P10 -> 25 | Y13: =IF(B13="","",IF(U13<=0,"OUT OF STOCK",IF(U13<=X13,"REORDER NOW",IF(U13<=X13*1.5,"LOW","OK")))) -> OUT OF STOCK | Z13: =MAX(0,'Item Master'!Q10-IF(V13<>"",V13,U13)) -> 50 | AB13: ='Item Master'!N10 -> Rack 3 – Photos, Frames & Fragile
A14: 7 | B14: ='Item Master'!A11 -> TTP | C14: ='Item Master'!B11 -> Narasimha Table Top (idol/stand) | D14: ='Item Master'!C11 -> Deity Photos & Frames | E14: ='Item Master'!F11 -> Piece | F14: =IF('Dec-2026'!V14<>"",'Dec-2026'!V14,'Dec-2026'!U14) -> 0 | O14: =N(J14)+N(N14) -> 0 | T14: =SUM(P14:S14) -> 0 | U14: =N(F14)+O14-T14 -> 0 | W14: =IF(V14="","",V14-U14) | X14: ='Item Master'!P11 -> 20 | Y14: =IF(B14="","",IF(U14<=0,"OUT OF STOCK",IF(U14<=X14,"REORDER NOW",IF(U14<=X14*1.5,"LOW","OK")))) -> OUT OF STOCK | Z14: =MAX(0,'Item Master'!Q11-IF(V14<>"",V14,U14)) -> 40 | AB14: ='Item Master'!N11 -> Rack 3 – Photos, Frames & Fragile
A15: 8 | B15: ='Item Master'!A12 -> STK | C15: ='Item Master'!B12 -> Narasimha Sticker | D15: ='Item Master'!C12 -> Protection & Mantra | E15: ='Item Master'!F12 -> Piece | F15: =IF('Dec-2026'!V15<>"",'Dec-2026'!V15,'Dec-2026'!U15) -> 0 | O15: =N(J15)+N(N15) -> 0 | T15: =SUM(P15:S15) -> 0 | U15: =N(F15)+O15-T15 -> 0 | W15: =IF(V15="","",V15-U15) | X15: ='Item Master'!P12 -> 300 | Y15: =IF(B15="","",IF(U15<=0,"OUT OF STOCK",IF(U15<=X15,"REORDER NOW",IF(U15<=X15*1.5,"LOW","OK")))) -> OUT OF STOCK | Z15: =MAX(0,'Item Master'!Q12-IF(V15<>"",V15,U15)) -> 600 | AB15: ='Item Master'!N12 -> Rack 4 – Books, Cards & Paper
A16: 9 | B16: ='Item Master'!A13 -> KPR | C16: ='Item Master'!B13 -> Narasimha Kavacha Print Out | D16: ='Item Master'!C13 -> Protection & Mantra | E16: ='Item Master'!F13 -> Sheet | F16: =IF('Dec-2026'!V16<>"",'Dec-2026'!V16,'Dec-2026'!U16) -> 0 | O16: =N(J16)+N(N16) -> 0 | T16: =SUM(P16:S16) -> 0 | U16: =N(F16)+O16-T16 -> 0 | W16: =IF(V16="","",V16-U16) | X16: ='Item Master'!P13 -> 200 | Y16: =IF(B16="","",IF(U16<=0,"OUT OF STOCK",IF(U16<=X16,"REORDER NOW",IF(U16<=X16*1.5,"LOW","OK")))) -> OUT OF STOCK | Z16: =MAX(0,'Item Master'!Q13-IF(V16<>"",V16,U16)) -> 400 | AB16: ='Item Master'!N13 -> Rack 4 – Books, Cards & Paper
A17: 10 | B17: ='Item Master'!A14 -> MBX | C17: ='Item Master'!B14 -> Mantra Box | D17: ='Item Master'!C14 -> Protection & Mantra | E17: ='Item Master'!F14 -> Box | F17: =IF('Dec-2026'!V17<>"",'Dec-2026'!V17,'Dec-2026'!U17) -> 0 | O17: =N(J17)+N(N17) -> 0 | T17: =SUM(P17:S17) -> 0 | U17: =N(F17)+O17-T17 -> 0 | W17: =IF(V17="","",V17-U17) | X17: ='Item Master'!P14 -> 50 | Y17: =IF(B17="","",IF(U17<=0,"OUT OF STOCK",IF(U17<=X17,"REORDER NOW",IF(U17<=X17*1.5,"LOW","OK")))) -> OUT OF STOCK | Z17: =MAX(0,'Item Master'!Q14-IF(V17<>"",V17,U17)) -> 100 | AB17: ='Item Master'!N14 -> Rack 4 – Books, Cards & Paper
A18: 11 | B18: ='Item Master'!A15 -> PRG | C18: ='Item Master'!B15 -> Radha Govinda Photo | D18: ='Item Master'!C15 -> Deity Photos & Frames | E18: ='Item Master'!F15 -> Piece | F18: =IF('Dec-2026'!V18<>"",'Dec-2026'!V18,'Dec-2026'!U18) -> 0 | O18: =N(J18)+N(N18) -> 0 | T18: =SUM(P18:S18) -> 0 | U18: =N(F18)+O18-T18 -> 0 | W18: =IF(V18="","",V18-U18) | X18: ='Item Master'!P15 -> 200 | Y18: =IF(B18="","",IF(U18<=0,"OUT OF STOCK",IF(U18<=X18,"REORDER NOW",IF(U18<=X18*1.5,"LOW","OK")))) -> OUT OF STOCK | Z18: =MAX(0,'Item Master'!Q15-IF(V18<>"",V18,U18)) -> 400 | AB18: ='Item Master'!N15 -> Rack 3 – Photos, Frames & Fragile
A19: 12 | B19: ='Item Master'!A16 -> PHN | C19: ='Item Master'!B16 -> Hanuman Photo | D19: ='Item Master'!C16 -> Deity Photos & Frames | E19: ='Item Master'!F16 -> Piece | F19: =IF('Dec-2026'!V19<>"",'Dec-2026'!V19,'Dec-2026'!U19) -> 0 | O19: =N(J19)+N(N19) -> 0 | T19: =SUM(P19:S19) -> 0 | U19: =N(F19)+O19-T19 -> 0 | W19: =IF(V19="","",V19-U19) | X19: ='Item Master'!P16 -> 100 | Y19: =IF(B19="","",IF(U19<=0,"OUT OF STOCK",IF(U19<=X19,"REORDER NOW",IF(U19<=X19*1.5,"LOW","OK")))) -> OUT OF STOCK | Z19: =MAX(0,'Item Master'!Q16-IF(V19<>"",V19,U19)) -> 200 | AB19: ='Item Master'!N16 -> Rack 3 – Photos, Frames & Fragile
... A66: 59 | B66: ='Item Master'!A63 -> YID | C66: ='Item Master'!B63 -> Yatri ID Card + Lanyard | D66: ='Item Master'!C63 -> Suggested New Items | E66: ='Item Master'!F63 -> Set | F66: =IF('Dec-2026'!V66<>"",'Dec-2026'!V66,'Dec-2026'!U66) -> 0 | O66: =N(J66)+N(N66) -> 0 | T66: =SUM(P66:S66) -> 0 | U66: =N(F66)+O66-T66 -> 0 | W66: =IF(V66="","",V66-U66) | X66: ='Item Master'!P63 -> 100 | Y66: =IF(B66="","",IF(U66<=0,"OUT OF STOCK",IF(U66<=X66,"REORDER NOW",IF(U66<=X66*1.5,"LOW","OK")))) -> OUT OF STOCK | Z66: =MAX(0,'Item Master'!Q63-IF(V66<>"",V66,U66)) -> 300 | AB66: ='Item Master'!N63 -> Rack 6 – Packing & Serving Material
C67: TOTAL (all items) | F67: =SUM(F8:F66) -> 195 | J67: =SUM(J8:J66) -> 0 | N67: =SUM(N8:N66) -> 0 | O67: =SUM(O8:O66) -> 0 | P67: =SUM(P8:P66) -> 0 | Q67: =SUM(Q8:Q66) -> 0 | R67: =SUM(R8:R66) -> 0 | S67: =SUM(S8:S66) -> 0 | T67: =SUM(T8:T66) -> 0 | U67: =SUM(U8:U66) -> 195 | V67: =SUM(V8:V66) -> 0 | Y67: =COUNTIF(Y8:Y66,"REORDER NOW")+COUNTIF(Y8:Y66,"OUT OF STOCK")&" to act" -> 59 to act | Z67: =SUM(Z8:Z66) -> 26995
A69: MONTHLY STOREROOM CHECKLIST (write Y / N and initials) | J69: Done? | K69: Initials
A70: 1 | B70: Physical count of every item done and entered in 'Physical Count'
A71: 2 | B71: All variances explained in Remarks
A72: 3 | B72: Leak test done for tilak / liquid batches packed this month
A73: 4 | B73: Best-before dates checked – items expiring within 30 days moved to front / issued first
A74: 5 | B74: FIFO followed – old stock in front, new stock behind
A75: 6 | B75: Racks cleaned; floor dry; no pests / termites / rodent signs
A76: 7 | B76: Edibles kept separate from fragrance items
A77: 8 | B77: Locked cabinet (coins, kavacha, perfume, pen drives) counted & tallied
A78: 9 | B78: QR audio links tested and working
A79: 10 | B79: Packing consumables (pouches, containers, labels) sufficient for next month
A80: 11 | B80: Upcoming festival / yatra demand checked with Yatra & Donor teams
A81: 12 | B81: Sheet signed by Storekeeper and verified by In-charge
B83: Storekeeper signature: ____________________ | I83: In-charge signature: ____________________ | R83: Date: ____________

Sheet Feb-2027
A1: Monthly Stock & Packing Register – Feb-2027
A2: Hare Krishna Movement, Hyderabad • Festivals / focus this month: Nityananda Trayodashi
A3: Month: | C3: Feb-2027 | G3: Storekeeper: | M3: Physical count date: | S3: Verified by (In-charge):
A4: Yellow = type here • Green = automatic • Opening stock = last month's physical count (or book closing if not counted)
A6: ITEM & OPENING | G6: PACKING BATCH 1 | K6: PACKING BATCH 2 | O6: IN | P6: OUT (ISSUED) | U6: CLOSING & CONTROL | AA6: STORAGE & NOTES
A7: S.No | B7: Item ID | C7: Item Name | D7: Category | E7: Unit | F7: Opening Stock | G7: Date Packed | H7: Date Stored | I7: Batch No. | J7: Qty Packed | K7: Date Packed | L7: Date Stored | M7: Batch No. | N7: Qty Packed | O7: Total Packed / Received | P7: Issued – Donors | Q7: Issued – Yatris | R7: Issued – Events / Other | S7: Damaged / Expired | T7: Total Issued & Out | U7: Closing Stock (Book) | V7: Physical Count (Month End) | W7: Variance (Physical – Book) | X7: Reorder Level | Y7: Stock Status | Z7: Qty to Pack / Order Next Month | AA7: Best Before / Expiry | AB7: Storage Location | AC7: Packed By | AD7: Remarks
A8: 1 | B8: ='Item Master'!A5 -> THR | C8: ='Item Master'!B5 -> Kalasha Thread (wrist thread) | D8: ='Item Master'!C5 -> Kalasha & Yagna Prasadam | E8: ='Item Master'!F5 -> Pouch | F8: =IF('Jan-2027'!V8<>"",'Jan-2027'!V8,'Jan-2027'!U8) -> 0 | O8: =N(J8)+N(N8) -> 0 | T8: =SUM(P8:S8) -> 0 | U8: =N(F8)+O8-T8 -> 0 | W8: =IF(V8="","",V8-U8) | X8: ='Item Master'!P5 -> 300 | Y8: =IF(B8="","",IF(U8<=0,"OUT OF STOCK",IF(U8<=X8,"REORDER NOW",IF(U8<=X8*1.5,"LOW","OK")))) -> OUT OF STOCK | Z8: =MAX(0,'Item Master'!Q5-IF(V8<>"",V8,U8)) -> 600 | AB8: ='Item Master'!N5 -> Rack 1 – Prasadam & Edibles
A9: 2 | B9: ='Item Master'!A6 -> TIL | C9: ='Item Master'!B6 -> Narasimha Yagna Tilak | D9: ='Item Master'!C6 -> Kalasha & Yagna Prasadam | E9: ='Item Master'!F6 -> Container | F9: =IF('Jan-2027'!V9<>"",'Jan-2027'!V9,'Jan-2027'!U9) -> 195 | O9: =N(J9)+N(N9) -> 0 | T9: =SUM(P9:S9) -> 0 | U9: =N(F9)+O9-T9 -> 195 | W9: =IF(V9="","",V9-U9) | X9: ='Item Master'!P6 -> 300 | Y9: =IF(B9="","",IF(U9<=0,"OUT OF STOCK",IF(U9<=X9,"REORDER NOW",IF(U9<=X9*1.5,"LOW","OK")))) -> REORDER NOW | Z9: =MAX(0,'Item Master'!Q6-IF(V9<>"",V9,U9)) -> 405 | AB9: ='Item Master'!N6 -> Rack 2 – Liquids & Oils (bottom shelf, in trays)
A10: 3 | B10: ='Item Master'!A7 -> KAV | C10: ='Item Master'!B7 -> Narasimha Kavacha (protective amulet / locket) | D10: ='Item Master'!C7 -> Protection & Mantra | E10: ='Item Master'!F7 -> Piece | F10: =IF('Jan-2027'!V10<>"",'Jan-2027'!V10,'Jan-2027'!U10) -> 0 | O10: =N(J10)+N(N10) -> 0 | T10: =SUM(P10:S10) -> 0 | U10: =N(F10)+O10-T10 -> 0 | W10: =IF(V10="","",V10-U10) | X10: ='Item Master'!P7 -> 100 | Y10: =IF(B10="","",IF(U10<=0,"OUT OF STOCK",IF(U10<=X10,"REORDER NOW",IF(U10<=X10*1.5,"LOW","OK")))) -> OUT OF STOCK | Z10: =MAX(0,'Item Master'!Q7-IF(V10<>"",V10,U10)) -> 200 | AB10: ='Item Master'!N7 -> Locked Cabinet – Valuables
A11: 4 | B11: ='Item Master'!A8 -> AKV | C11: ='Item Master'!B8 -> Audio – Narasimha Kavacha (QR card) | D11: ='Item Master'!C8 -> Audio / Digital | E11: ='Item Master'!F8 -> Card | F11: =IF('Jan-2027'!V11<>"",'Jan-2027'!V11,'Jan-2027'!U11) -> 0 | O11: =N(J11)+N(N11) -> 0 | T11: =SUM(P11:S11) -> 0 | U11: =N(F11)+O11-T11 -> 0 | W11: =IF(V11="","",V11-U11) | X11: ='Item Master'!P8 -> 200 | Y11: =IF(B11="","",IF(U11<=0,"OUT OF STOCK",IF(U11<=X11,"REORDER NOW",IF(U11<=X11*1.5,"LOW","OK")))) -> OUT OF STOCK | Z11: =MAX(0,'Item Master'!Q8-IF(V11<>"",V11,U11)) -> 500 | AB11: ='Item Master'!N8 -> Rack 4 – Books, Cards & Paper
A12: 5 | B12: ='Item Master'!A9 -> AKR | C12: ='Item Master'!B9 -> Audio – Narasimha Kirtan (QR card) | D12: ='Item Master'!C9 -> Audio / Digital | E12: ='Item Master'!F9 -> Card | F12: =IF('Jan-2027'!V12<>"",'Jan-2027'!V12,'Jan-2027'!U12) -> 0 | O12: =N(J12)+N(N12) -> 0 | T12: =SUM(P12:S12) -> 0 | U12: =N(F12)+O12-T12 -> 0 | W12: =IF(V12="","",V12-U12) | X12: ='Item Master'!P9 -> 200 | Y12: =IF(B12="","",IF(U12<=0,"OUT OF STOCK",IF(U12<=X12,"REORDER NOW",IF(U12<=X12*1.5,"LOW","OK")))) -> OUT OF STOCK | Z12: =MAX(0,'Item Master'!Q9-IF(V12<>"",V12,U12)) -> 500 | AB12: ='Item Master'!N9 -> Rack 4 – Books, Cards & Paper
A13: 6 | B13: ='Item Master'!A10 -> PFR | C13: ='Item Master'!B10 -> Narasimha Photo Frame | D13: ='Item Master'!C10 -> Deity Photos & Frames | E13: ='Item Master'!F10 -> Piece | F13: =IF('Jan-2027'!V13<>"",'Jan-2027'!V13,'Jan-2027'!U13) -> 0 | O13: =N(J13)+N(N13) -> 0 | T13: =SUM(P13:S13) -> 0 | U13: =N(F13)+O13-T13 -> 0 | W13: =IF(V13="","",V13-U13) | X13: ='Item Master'!P10 -> 25 | Y13: =IF(B13="","",IF(U13<=0,"OUT OF STOCK",IF(U13<=X13,"REORDER NOW",IF(U13<=X13*1.5,"LOW","OK")))) -> OUT OF STOCK | Z13: =MAX(0,'Item Master'!Q10-IF(V13<>"",V13,U13)) -> 50 | AB13: ='Item Master'!N10 -> Rack 3 – Photos, Frames & Fragile
A14: 7 | B14: ='Item Master'!A11 -> TTP | C14: ='Item Master'!B11 -> Narasimha Table Top (idol/stand) | D14: ='Item Master'!C11 -> Deity Photos & Frames | E14: ='Item Master'!F11 -> Piece | F14: =IF('Jan-2027'!V14<>"",'Jan-2027'!V14,'Jan-2027'!U14) -> 0 | O14: =N(J14)+N(N14) -> 0 | T14: =SUM(P14:S14) -> 0 | U14: =N(F14)+O14-T14 -> 0 | W14: =IF(V14="","",V14-U14) | X14: ='Item Master'!P11 -> 20 | Y14: =IF(B14="","",IF(U14<=0,"OUT OF STOCK",IF(U14<=X14,"REORDER NOW",IF(U14<=X14*1.5,"LOW","OK")))) -> OUT OF STOCK | Z14: =MAX(0,'Item Master'!Q11-IF(V14<>"",V14,U14)) -> 40 | AB14: ='Item Master'!N11 -> Rack 3 – Photos, Frames & Fragile
A15: 8 | B15: ='Item Master'!A12 -> STK | C15: ='Item Master'!B12 -> Narasimha Sticker | D15: ='Item Master'!C12 -> Protection & Mantra | E15: ='Item Master'!F12 -> Piece | F15: =IF('Jan-2027'!V15<>"",'Jan-2027'!V15,'Jan-2027'!U15) -> 0 | O15: =N(J15)+N(N15) -> 0 | T15: =SUM(P15:S15) -> 0 | U15: =N(F15)+O15-T15 -> 0 | W15: =IF(V15="","",V15-U15) | X15: ='Item Master'!P12 -> 300 | Y15: =IF(B15="","",IF(U15<=0,"OUT OF STOCK",IF(U15<=X15,"REORDER NOW",IF(U15<=X15*1.5,"LOW","OK")))) -> OUT OF STOCK | Z15: =MAX(0,'Item Master'!Q12-IF(V15<>"",V15,U15)) -> 600 | AB15: ='Item Master'!N12 -> Rack 4 – Books, Cards & Paper
A16: 9 | B16: ='Item Master'!A13 -> KPR | C16: ='Item Master'!B13 -> Narasimha Kavacha Print Out | D16: ='Item Master'!C13 -> Protection & Mantra | E16: ='Item Master'!F13 -> Sheet | F16: =IF('Jan-2027'!V16<>"",'Jan-2027'!V16,'Jan-2027'!U16) -> 0 | O16: =N(J16)+N(N16) -> 0 | T16: =SUM(P16:S16) -> 0 | U16: =N(F16)+O16-T16 -> 0 | W16: =IF(V16="","",V16-U16) | X16: ='Item Master'!P13 -> 200 | Y16: =IF(B16="","",IF(U16<=0,"OUT OF STOCK",IF(U16<=X16,"REORDER NOW",IF(U16<=X16*1.5,"LOW","OK")))) -> OUT OF STOCK | Z16: =MAX(0,'Item Master'!Q13-IF(V16<>"",V16,U16)) -> 400 | AB16: ='Item Master'!N13 -> Rack 4 – Books, Cards & Paper
A17: 10 | B17: ='Item Master'!A14 -> MBX | C17: ='Item Master'!B14 -> Mantra Box | D17: ='Item Master'!C14 -> Protection & Mantra | E17: ='Item Master'!F14 -> Box | F17: =IF('Jan-2027'!V17<>"",'Jan-2027'!V17,'Jan-2027'!U17) -> 0 | O17: =N(J17)+N(N17) -> 0 | T17: =SUM(P17:S17) -> 0 | U17: =N(F17)+O17-T17 -> 0 | W17: =IF(V17="","",V17-U17) | X17: ='Item Master'!P14 -> 50 | Y17: =IF(B17="","",IF(U17<=0,"OUT OF STOCK",IF(U17<=X17,"REORDER NOW",IF(U17<=X17*1.5,"LOW","OK")))) -> OUT OF STOCK | Z17: =MAX(0,'Item Master'!Q14-IF(V17<>"",V17,U17)) -> 100 | AB17: ='Item Master'!N14 -> Rack 4 – Books, Cards & Paper
A18: 11 | B18: ='Item Master'!A15 -> PRG | C18: ='Item Master'!B15 -> Radha Govinda Photo | D18: ='Item Master'!C15 -> Deity Photos & Frames | E18: ='Item Master'!F15 -> Piece | F18: =IF('Jan-2027'!V18<>"",'Jan-2027'!V18,'Jan-2027'!U18) -> 0 | O18: =N(J18)+N(N18) -> 0 | T18: =SUM(P18:S18) -> 0 | U18: =N(F18)+O18-T18 -> 0 | W18: =IF(V18="","",V18-U18) | X18: ='Item Master'!P15 -> 200 | Y18: =IF(B18="","",IF(U18<=0,"OUT OF STOCK",IF(U18<=X18,"REORDER NOW",IF(U18<=X18*1.5,"LOW","OK")))) -> OUT OF STOCK | Z18: =MAX(0,'Item Master'!Q15-IF(V18<>"",V18,U18)) -> 400 | AB18: ='Item Master'!N15 -> Rack 3 – Photos, Frames & Fragile
A19: 12 | B19: ='Item Master'!A16 -> PHN | C19: ='Item Master'!B16 -> Hanuman Photo | D19: ='Item Master'!C16 -> Deity Photos & Frames | E19: ='Item Master'!F16 -> Piece | F19: =IF('Jan-2027'!V19<>"",'Jan-2027'!V19,'Jan-2027'!U19) -> 0 | O19: =N(J19)+N(N19) -> 0 | T19: =SUM(P19:S19) -> 0 | U19: =N(F19)+O19-T19 -> 0 | W19: =IF(V19="","",V19-U19) | X19: ='Item Master'!P16 -> 100 | Y19: =IF(B19="","",IF(U19<=0,"OUT OF STOCK",IF(U19<=X19,"REORDER NOW",IF(U19<=X19*1.5,"LOW","OK")))) -> OUT OF STOCK | Z19: =MAX(0,'Item Master'!Q16-IF(V19<>"",V19,U19)) -> 200 | AB19: ='Item Master'!N16 -> Rack 3 – Photos, Frames & Fragile
... A66: 59 | B66: ='Item Master'!A63 -> YID | C66: ='Item Master'!B63 -> Yatri ID Card + Lanyard | D66: ='Item Master'!C63 -> Suggested New Items | E66: ='Item Master'!F63 -> Set | F66: =IF('Jan-2027'!V66<>"",'Jan-2027'!V66,'Jan-2027'!U66) -> 0 | O66: =N(J66)+N(N66) -> 0 | T66: =SUM(P66:S66) -> 0 | U66: =N(F66)+O66-T66 -> 0 | W66: =IF(V66="","",V66-U66) | X66: ='Item Master'!P63 -> 100 | Y66: =IF(B66="","",IF(U66<=0,"OUT OF STOCK",IF(U66<=X66,"REORDER NOW",IF(U66<=X66*1.5,"LOW","OK")))) -> OUT OF STOCK | Z66: =MAX(0,'Item Master'!Q63-IF(V66<>"",V66,U66)) -> 300 | AB66: ='Item Master'!N63 -> Rack 6 – Packing & Serving Material
C67: TOTAL (all items) | F67: =SUM(F8:F66) -> 195 | J67: =SUM(J8:J66) -> 0 | N67: =SUM(N8:N66) -> 0 | O67: =SUM(O8:O66) -> 0 | P67: =SUM(P8:P66) -> 0 | Q67: =SUM(Q8:Q66) -> 0 | R67: =SUM(R8:R66) -> 0 | S67: =SUM(S8:S66) -> 0 | T67: =SUM(T8:T66) -> 0 | U67: =SUM(U8:U66) -> 195 | V67: =SUM(V8:V66) -> 0 | Y67: =COUNTIF(Y8:Y66,"REORDER NOW")+COUNTIF(Y8:Y66,"OUT OF STOCK")&" to act" -> 59 to act | Z67: =SUM(Z8:Z66) -> 26995
A69: MONTHLY STOREROOM CHECKLIST (write Y / N and initials) | J69: Done? | K69: Initials
A70: 1 | B70: Physical count of every item done and entered in 'Physical Count'
A71: 2 | B71: All variances explained in Remarks
A72: 3 | B72: Leak test done for tilak / liquid batches packed this month
A73: 4 | B73: Best-before dates checked – items expiring within 30 days moved to front / issued first
A74: 5 | B74: FIFO followed – old stock in front, new stock behind
A75: 6 | B75: Racks cleaned; floor dry; no pests / termites / rodent signs
A76: 7 | B76: Edibles kept separate from fragrance items
A77: 8 | B77: Locked cabinet (coins, kavacha, perfume, pen drives) counted & tallied
A78: 9 | B78: QR audio links tested and working
A79: 10 | B79: Packing consumables (pouches, containers, labels) sufficient for next month
A80: 11 | B80: Upcoming festival / yatra demand checked with Yatra & Donor teams
A81: 12 | B81: Sheet signed by Storekeeper and verified by In-charge
B83: Storekeeper signature: ____________________ | I83: In-charge signature: ____________________ | R83: Date: ____________

Sheet Mar-2027
A1: Monthly Stock & Packing Register – Mar-2027
A2: Hare Krishna Movement, Hyderabad • Festivals / focus this month: Gaura Purnima
A3: Month: | C3: Mar-2027 | G3: Storekeeper: | M3: Physical count date: | S3: Verified by (In-charge):
A4: Yellow = type here • Green = automatic • Opening stock = last month's physical count (or book closing if not counted)
A6: ITEM & OPENING | G6: PACKING BATCH 1 | K6: PACKING BATCH 2 | O6: IN | P6: OUT (ISSUED) | U6: CLOSING & CONTROL | AA6: STORAGE & NOTES
A7: S.No | B7: Item ID | C7: Item Name | D7: Category | E7: Unit | F7: Opening Stock | G7: Date Packed | H7: Date Stored | I7: Batch No. | J7: Qty Packed | K7: Date Packed | L7: Date Stored | M7: Batch No. | N7: Qty Packed | O7: Total Packed / Received | P7: Issued – Donors | Q7: Issued – Yatris | R7: Issued – Events / Other | S7: Damaged / Expired | T7: Total Issued & Out | U7: Closing Stock (Book) | V7: Physical Count (Month End) | W7: Variance (Physical – Book) | X7: Reorder Level | Y7: Stock Status | Z7: Qty to Pack / Order Next Month | AA7: Best Before / Expiry | AB7: Storage Location | AC7: Packed By | AD7: Remarks
A8: 1 | B8: ='Item Master'!A5 -> THR | C8: ='Item Master'!B5 -> Kalasha Thread (wrist thread) | D8: ='Item Master'!C5 -> Kalasha & Yagna Prasadam | E8: ='Item Master'!F5 -> Pouch | F8: =IF('Feb-2027'!V8<>"",'Feb-2027'!V8,'Feb-2027'!U8) -> 0 | O8: =N(J8)+N(N8) -> 0 | T8: =SUM(P8:S8) -> 0 | U8: =N(F8)+O8-T8 -> 0 | W8: =IF(V8="","",V8-U8) | X8: ='Item Master'!P5 -> 300 | Y8: =IF(B8="","",IF(U8<=0,"OUT OF STOCK",IF(U8<=X8,"REORDER NOW",IF(U8<=X8*1.5,"LOW","OK")))) -> OUT OF STOCK | Z8: =MAX(0,'Item Master'!Q5-IF(V8<>"",V8,U8)) -> 600 | AB8: ='Item Master'!N5 -> Rack 1 – Prasadam & Edibles
A9: 2 | B9: ='Item Master'!A6 -> TIL | C9: ='Item Master'!B6 -> Narasimha Yagna Tilak | D9: ='Item Master'!C6 -> Kalasha & Yagna Prasadam | E9: ='Item Master'!F6 -> Container | F9: =IF('Feb-2027'!V9<>"",'Feb-2027'!V9,'Feb-2027'!U9) -> 195 | O9: =N(J9)+N(N9) -> 0 | T9: =SUM(P9:S9) -> 0 | U9: =N(F9)+O9-T9 -> 195 | W9: =IF(V9="","",V9-U9) | X9: ='Item Master'!P6 -> 300 | Y9: =IF(B9="","",IF(U9<=0,"OUT OF STOCK",IF(U9<=X9,"REORDER NOW",IF(U9<=X9*1.5,"LOW","OK")))) -> REORDER NOW | Z9: =MAX(0,'Item Master'!Q6-IF(V9<>"",V9,U9)) -> 405 | AB9: ='Item Master'!N6 -> Rack 2 – Liquids & Oils (bottom shelf, in trays)
A10: 3 | B10: ='Item Master'!A7 -> KAV | C10: ='Item Master'!B7 -> Narasimha Kavacha (protective amulet / locket) | D10: ='Item Master'!C7 -> Protection & Mantra | E10: ='Item Master'!F7 -> Piece | F10: =IF('Feb-2027'!V10<>"",'Feb-2027'!V10,'Feb-2027'!U10) -> 0 | O10: =N(J10)+N(N10) -> 0 | T10: =SUM(P10:S10) -> 0 | U10: =N(F10)+O10-T10 -> 0 | W10: =IF(V10="","",V10-U10) | X10: ='Item Master'!P7 -> 100 | Y10: =IF(B10="","",IF(U10<=0,"OUT OF STOCK",IF(U10<=X10,"REORDER NOW",IF(U10<=X10*1.5,"LOW","OK")))) -> OUT OF STOCK | Z10: =MAX(0,'Item Master'!Q7-IF(V10<>"",V10,U10)) -> 200 | AB10: ='Item Master'!N7 -> Locked Cabinet – Valuables
A11: 4 | B11: ='Item Master'!A8 -> AKV | C11: ='Item Master'!B8 -> Audio – Narasimha Kavacha (QR card) | D11: ='Item Master'!C8 -> Audio / Digital | E11: ='Item Master'!F8 -> Card | F11: =IF('Feb-2027'!V11<>"",'Feb-2027'!V11,'Feb-2027'!U11) -> 0 | O11: =N(J11)+N(N11) -> 0 | T11: =SUM(P11:S11) -> 0 | U11: =N(F11)+O11-T11 -> 0 | W11: =IF(V11="","",V11-U11) | X11: ='Item Master'!P8 -> 200 | Y11: =IF(B11="","",IF(U11<=0,"OUT OF STOCK",IF(U11<=X11,"REORDER NOW",IF(U11<=X11*1.5,"LOW","OK")))) -> OUT OF STOCK | Z11: =MAX(0,'Item Master'!Q8-IF(V11<>"",V11,U11)) -> 500 | AB11: ='Item Master'!N8 -> Rack 4 – Books, Cards & Paper
A12: 5 | B12: ='Item Master'!A9 -> AKR | C12: ='Item Master'!B9 -> Audio – Narasimha Kirtan (QR card) | D12: ='Item Master'!C9 -> Audio / Digital | E12: ='Item Master'!F9 -> Card | F12: =IF('Feb-2027'!V12<>"",'Feb-2027'!V12,'Feb-2027'!U12) -> 0 | O12: =N(J12)+N(N12) -> 0 | T12: =SUM(P12:S12) -> 0 | U12: =N(F12)+O12-T12 -> 0 | W12: =IF(V12="","",V12-U12) | X12: ='Item Master'!P9 -> 200 | Y12: =IF(B12="","",IF(U12<=0,"OUT OF STOCK",IF(U12<=X12,"REORDER NOW",IF(U12<=X12*1.5,"LOW","OK")))) -> OUT OF STOCK | Z12: =MAX(0,'Item Master'!Q9-IF(V12<>"",V12,U12)) -> 500 | AB12: ='Item Master'!N9 -> Rack 4 – Books, Cards & Paper
A13: 6 | B13: ='Item Master'!A10 -> PFR | C13: ='Item Master'!B10 -> Narasimha Photo Frame | D13: ='Item Master'!C10 -> Deity Photos & Frames | E13: ='Item Master'!F10 -> Piece | F13: =IF('Feb-2027'!V13<>"",'Feb-2027'!V13,'Feb-2027'!U13) -> 0 | O13: =N(J13)+N(N13) -> 0 | T13: =SUM(P13:S13) -> 0 | U13: =N(F13)+O13-T13 -> 0 | W13: =IF(V13="","",V13-U13) | X13: ='Item Master'!P10 -> 25 | Y13: =IF(B13="","",IF(U13<=0,"OUT OF STOCK",IF(U13<=X13,"REORDER NOW",IF(U13<=X13*1.5,"LOW","OK")))) -> OUT OF STOCK | Z13: =MAX(0,'Item Master'!Q10-IF(V13<>"",V13,U13)) -> 50 | AB13: ='Item Master'!N10 -> Rack 3 – Photos, Frames & Fragile
A14: 7 | B14: ='Item Master'!A11 -> TTP | C14: ='Item Master'!B11 -> Narasimha Table Top (idol/stand) | D14: ='Item Master'!C11 -> Deity Photos & Frames | E14: ='Item Master'!F11 -> Piece | F14: =IF('Feb-2027'!V14<>"",'Feb-2027'!V14,'Feb-2027'!U14) -> 0 | O14: =N(J14)+N(N14) -> 0 | T14: =SUM(P14:S14) -> 0 | U14: =N(F14)+O14-T14 -> 0 | W14: =IF(V14="","",V14-U14) | X14: ='Item Master'!P11 -> 20 | Y14: =IF(B14="","",IF(U14<=0,"OUT OF STOCK",IF(U14<=X14,"REORDER NOW",IF(U14<=X14*1.5,"LOW","OK")))) -> OUT OF STOCK | Z14: =MAX(0,'Item Master'!Q11-IF(V14<>"",V14,U14)) -> 40 | AB14: ='Item Master'!N11 -> Rack 3 – Photos, Frames & Fragile
A15: 8 | B15: ='Item Master'!A12 -> STK | C15: ='Item Master'!B12 -> Narasimha Sticker | D15: ='Item Master'!C12 -> Protection & Mantra | E15: ='Item Master'!F12 -> Piece | F15: =IF('Feb-2027'!V15<>"",'Feb-2027'!V15,'Feb-2027'!U15) -> 0 | O15: =N(J15)+N(N15) -> 0 | T15: =SUM(P15:S15) -> 0 | U15: =N(F15)+O15-T15 -> 0 | W15: =IF(V15="","",V15-U15) | X15: ='Item Master'!P12 -> 300 | Y15: =IF(B15="","",IF(U15<=0,"OUT OF STOCK",IF(U15<=X15,"REORDER NOW",IF(U15<=X15*1.5,"LOW","OK")))) -> OUT OF STOCK | Z15: =MAX(0,'Item Master'!Q12-IF(V15<>"",V15,U15)) -> 600 | AB15: ='Item Master'!N12 -> Rack 4 – Books, Cards & Paper
A16: 9 | B16: ='Item Master'!A13 -> KPR | C16: ='Item Master'!B13 -> Narasimha Kavacha Print Out | D16: ='Item Master'!C13 -> Protection & Mantra | E16: ='Item Master'!F13 -> Sheet | F16: =IF('Feb-2027'!V16<>"",'Feb-2027'!V16,'Feb-2027'!U16) -> 0 | O16: =N(J16)+N(N16) -> 0 | T16: =SUM(P16:S16) -> 0 | U16: =N(F16)+O16-T16 -> 0 | W16: =IF(V16="","",V16-U16) | X16: ='Item Master'!P13 -> 200 | Y16: =IF(B16="","",IF(U16<=0,"OUT OF STOCK",IF(U16<=X16,"REORDER NOW",IF(U16<=X16*1.5,"LOW","OK")))) -> OUT OF STOCK | Z16: =MAX(0,'Item Master'!Q13-IF(V16<>"",V16,U16)) -> 400 | AB16: ='Item Master'!N13 -> Rack 4 – Books, Cards & Paper
A17: 10 | B17: ='Item Master'!A14 -> MBX | C17: ='Item Master'!B14 -> Mantra Box | D17: ='Item Master'!C14 -> Protection & Mantra | E17: ='Item Master'!F14 -> Box | F17: =IF('Feb-2027'!V17<>"",'Feb-2027'!V17,'Feb-2027'!U17) -> 0 | O17: =N(J17)+N(N17) -> 0 | T17: =SUM(P17:S17) -> 0 | U17: =N(F17)+O17-T17 -> 0 | W17: =IF(V17="","",V17-U17) | X17: ='Item Master'!P14 -> 50 | Y17: =IF(B17="","",IF(U17<=0,"OUT OF STOCK",IF(U17<=X17,"REORDER NOW",IF(U17<=X17*1.5,"LOW","OK")))) -> OUT OF STOCK | Z17: =MAX(0,'Item Master'!Q14-IF(V17<>"",V17,U17)) -> 100 | AB17: ='Item Master'!N14 -> Rack 4 – Books, Cards & Paper
A18: 11 | B18: ='Item Master'!A15 -> PRG | C18: ='Item Master'!B15 -> Radha Govinda Photo | D18: ='Item Master'!C15 -> Deity Photos & Frames | E18: ='Item Master'!F15 -> Piece | F18: =IF('Feb-2027'!V18<>"",'Feb-2027'!V18,'Feb-2027'!U18) -> 0 | O18: =N(J18)+N(N18) -> 0 | T18: =SUM(P18:S18) -> 0 | U18: =N(F18)+O18-T18 -> 0 | W18: =IF(V18="","",V18-U18) | X18: ='Item Master'!P15 -> 200 | Y18: =IF(B18="","",IF(U18<=0,"OUT OF STOCK",IF(U18<=X18,"REORDER NOW",IF(U18<=X18*1.5,"LOW","OK")))) -> OUT OF STOCK | Z18: =MAX(0,'Item Master'!Q15-IF(V18<>"",V18,U18)) -> 400 | AB18: ='Item Master'!N15 -> Rack 3 – Photos, Frames & Fragile
A19: 12 | B19: ='Item Master'!A16 -> PHN | C19: ='Item Master'!B16 -> Hanuman Photo | D19: ='Item Master'!C16 -> Deity Photos & Frames | E19: ='Item Master'!F16 -> Piece | F19: =IF('Feb-2027'!V19<>"",'Feb-2027'!V19,'Feb-2027'!U19) -> 0 | O19: =N(J19)+N(N19) -> 0 | T19: =SUM(P19:S19) -> 0 | U19: =N(F19)+O19-T19 -> 0 | W19: =IF(V19="","",V19-U19) | X19: ='Item Master'!P16 -> 100 | Y19: =IF(B19="","",IF(U19<=0,"OUT OF STOCK",IF(U19<=X19,"REORDER NOW",IF(U19<=X19*1.5,"LOW","OK")))) -> OUT OF STOCK | Z19: =MAX(0,'Item Master'!Q16-IF(V19<>"",V19,U19)) -> 200 | AB19: ='Item Master'!N16 -> Rack 3 – Photos, Frames & Fragile
... A66: 59 | B66: ='Item Master'!A63 -> YID | C66: ='Item Master'!B63 -> Yatri ID Card + Lanyard | D66: ='Item Master'!C63 -> Suggested New Items | E66: ='Item Master'!F63 -> Set | F66: =IF('Feb-2027'!V66<>"",'Feb-2027'!V66,'Feb-2027'!U66) -> 0 | O66: =N(J66)+N(N66) -> 0 | T66: =SUM(P66:S66) -> 0 | U66: =N(F66)+O66-T66 -> 0 | W66: =IF(V66="","",V66-U66) | X66: ='Item Master'!P63 -> 100 | Y66: =IF(B66="","",IF(U66<=0,"OUT OF STOCK",IF(U66<=X66,"REORDER NOW",IF(U66<=X66*1.5,"LOW","OK")))) -> OUT OF STOCK | Z66: =MAX(0,'Item Master'!Q63-IF(V66<>"",V66,U66)) -> 300 | AB66: ='Item Master'!N63 -> Rack 6 – Packing & Serving Material
C67: TOTAL (all items) | F67: =SUM(F8:F66) -> 195 | J67: =SUM(J8:J66) -> 0 | N67: =SUM(N8:N66) -> 0 | O67: =SUM(O8:O66) -> 0 | P67: =SUM(P8:P66) -> 0 | Q67: =SUM(Q8:Q66) -> 0 | R67: =SUM(R8:R66) -> 0 | S67: =SUM(S8:S66) -> 0 | T67: =SUM(T8:T66) -> 0 | U67: =SUM(U8:U66) -> 195 | V67: =SUM(V8:V66) -> 0 | Y67: =COUNTIF(Y8:Y66,"REORDER NOW")+COUNTIF(Y8:Y66,"OUT OF STOCK")&" to act" -> 59 to act | Z67: =SUM(Z8:Z66) -> 26995
A69: MONTHLY STOREROOM CHECKLIST (write Y / N and initials) | J69: Done? | K69: Initials
A70: 1 | B70: Physical count of every item done and entered in 'Physical Count'
A71: 2 | B71: All variances explained in Remarks
A72: 3 | B72: Leak test done for tilak / liquid batches packed this month
A73: 4 | B73: Best-before dates checked – items expiring within 30 days moved to front / issued first
A74: 5 | B74: FIFO followed – old stock in front, new stock behind
A75: 6 | B75: Racks cleaned; floor dry; no pests / termites / rodent signs
A76: 7 | B76: Edibles kept separate from fragrance items
A77: 8 | B77: Locked cabinet (coins, kavacha, perfume, pen drives) counted & tallied
A78: 9 | B78: QR audio links tested and working
A79: 10 | B79: Packing consumables (pouches, containers, labels) sufficient for next month
A80: 11 | B80: Upcoming festival / yatra demand checked with Yatra & Donor teams
A81: 12 | B81: Sheet signed by Storekeeper and verified by In-charge
B83: Storekeeper signature: ____________________ | I83: In-charge signature: ____________________ | R83: Date: ____________

Sheet Apr-2027
A1: Monthly Stock & Packing Register – Apr-2027
A2: Hare Krishna Movement, Hyderabad • Festivals / focus this month: Rama Navami, Chandan Yatra begins – collect & dry chandan
A3: Month: | C3: Apr-2027 | G3: Storekeeper: | M3: Physical count date: | S3: Verified by (In-charge):
A4: Yellow = type here • Green = automatic • Opening stock = last month's physical count (or book closing if not counted)
A6: ITEM & OPENING | G6: PACKING BATCH 1 | K6: PACKING BATCH 2 | O6: IN | P6: OUT (ISSUED) | U6: CLOSING & CONTROL | AA6: STORAGE & NOTES
A7: S.No | B7: Item ID | C7: Item Name | D7: Category | E7: Unit | F7: Opening Stock | G7: Date Packed | H7: Date Stored | I7: Batch No. | J7: Qty Packed | K7: Date Packed | L7: Date Stored | M7: Batch No. | N7: Qty Packed | O7: Total Packed / Received | P7: Issued – Donors | Q7: Issued – Yatris | R7: Issued – Events / Other | S7: Damaged / Expired | T7: Total Issued & Out | U7: Closing Stock (Book) | V7: Physical Count (Month End) | W7: Variance (Physical – Book) | X7: Reorder Level | Y7: Stock Status | Z7: Qty to Pack / Order Next Month | AA7: Best Before / Expiry | AB7: Storage Location | AC7: Packed By | AD7: Remarks
A8: 1 | B8: ='Item Master'!A5 -> THR | C8: ='Item Master'!B5 -> Kalasha Thread (wrist thread) | D8: ='Item Master'!C5 -> Kalasha & Yagna Prasadam | E8: ='Item Master'!F5 -> Pouch | F8: =IF('Mar-2027'!V8<>"",'Mar-2027'!V8,'Mar-2027'!U8) -> 0 | O8: =N(J8)+N(N8) -> 0 | T8: =SUM(P8:S8) -> 0 | U8: =N(F8)+O8-T8 -> 0 | W8: =IF(V8="","",V8-U8) | X8: ='Item Master'!P5 -> 300 | Y8: =IF(B8="","",IF(U8<=0,"OUT OF STOCK",IF(U8<=X8,"REORDER NOW",IF(U8<=X8*1.5,"LOW","OK")))) -> OUT OF STOCK | Z8: =MAX(0,'Item Master'!Q5-IF(V8<>"",V8,U8)) -> 600 | AB8: ='Item Master'!N5 -> Rack 1 – Prasadam & Edibles
A9: 2 | B9: ='Item Master'!A6 -> TIL | C9: ='Item Master'!B6 -> Narasimha Yagna Tilak | D9: ='Item Master'!C6 -> Kalasha & Yagna Prasadam | E9: ='Item Master'!F6 -> Container | F9: =IF('Mar-2027'!V9<>"",'Mar-2027'!V9,'Mar-2027'!U9) -> 195 | O9: =N(J9)+N(N9) -> 0 | T9: =SUM(P9:S9) -> 0 | U9: =N(F9)+O9-T9 -> 195 | W9: =IF(V9="","",V9-U9) | X9: ='Item Master'!P6 -> 300 | Y9: =IF(B9="","",IF(U9<=0,"OUT OF STOCK",IF(U9<=X9,"REORDER NOW",IF(U9<=X9*1.5,"LOW","OK")))) -> REORDER NOW | Z9: =MAX(0,'Item Master'!Q6-IF(V9<>"",V9,U9)) -> 405 | AB9: ='Item Master'!N6 -> Rack 2 – Liquids & Oils (bottom shelf, in trays)
A10: 3 | B10: ='Item Master'!A7 -> KAV | C10: ='Item Master'!B7 -> Narasimha Kavacha (protective amulet / locket) | D10: ='Item Master'!C7 -> Protection & Mantra | E10: ='Item Master'!F7 -> Piece | F10: =IF('Mar-2027'!V10<>"",'Mar-2027'!V10,'Mar-2027'!U10) -> 0 | O10: =N(J10)+N(N10) -> 0 | T10: =SUM(P10:S10) -> 0 | U10: =N(F10)+O10-T10 -> 0 | W10: =IF(V10="","",V10-U10) | X10: ='Item Master'!P7 -> 100 | Y10: =IF(B10="","",IF(U10<=0,"OUT OF STOCK",IF(U10<=X10,"REORDER NOW",IF(U10<=X10*1.5,"LOW","OK")))) -> OUT OF STOCK | Z10: =MAX(0,'Item Master'!Q7-IF(V10<>"",V10,U10)) -> 200 | AB10: ='Item Master'!N7 -> Locked Cabinet – Valuables
A11: 4 | B11: ='Item Master'!A8 -> AKV | C11: ='Item Master'!B8 -> Audio – Narasimha Kavacha (QR card) | D11: ='Item Master'!C8 -> Audio / Digital | E11: ='Item Master'!F8 -> Card | F11: =IF('Mar-2027'!V11<>"",'Mar-2027'!V11,'Mar-2027'!U11) -> 0 | O11: =N(J11)+N(N11) -> 0 | T11: =SUM(P11:S11) -> 0 | U11: =N(F11)+O11-T11 -> 0 | W11: =IF(V11="","",V11-U11) | X11: ='Item Master'!P8 -> 200 | Y11: =IF(B11="","",IF(U11<=0,"OUT OF STOCK",IF(U11<=X11,"REORDER NOW",IF(U11<=X11*1.5,"LOW","OK")))) -> OUT OF STOCK | Z11: =MAX(0,'Item Master'!Q8-IF(V11<>"",V11,U11)) -> 500 | AB11: ='Item Master'!N8 -> Rack 4 – Books, Cards & Paper
A12: 5 | B12: ='Item Master'!A9 -> AKR | C12: ='Item Master'!B9 -> Audio – Narasimha Kirtan (QR card) | D12: ='Item Master'!C9 -> Audio / Digital | E12: ='Item Master'!F9 -> Card | F12: =IF('Mar-2027'!V12<>"",'Mar-2027'!V12,'Mar-2027'!U12) -> 0 | O12: =N(J12)+N(N12) -> 0 | T12: =SUM(P12:S12) -> 0 | U12: =N(F12)+O12-T12 -> 0 | W12: =IF(V12="","",V12-U12) | X12: ='Item Master'!P9 -> 200 | Y12: =IF(B12="","",IF(U12<=0,"OUT OF STOCK",IF(U12<=X12,"REORDER NOW",IF(U12<=X12*1.5,"LOW","OK")))) -> OUT OF STOCK | Z12: =MAX(0,'Item Master'!Q9-IF(V12<>"",V12,U12)) -> 500 | AB12: ='Item Master'!N9 -> Rack 4 – Books, Cards & Paper
A13: 6 | B13: ='Item Master'!A10 -> PFR | C13: ='Item Master'!B10 -> Narasimha Photo Frame | D13: ='Item Master'!C10 -> Deity Photos & Frames | E13: ='Item Master'!F10 -> Piece | F13: =IF('Mar-2027'!V13<>"",'Mar-2027'!V13,'Mar-2027'!U13) -> 0 | O13: =N(J13)+N(N13) -> 0 | T13: =SUM(P13:S13) -> 0 | U13: =N(F13)+O13-T13 -> 0 | W13: =IF(V13="","",V13-U13) | X13: ='Item Master'!P10 -> 25 | Y13: =IF(B13="","",IF(U13<=0,"OUT OF STOCK",IF(U13<=X13,"REORDER NOW",IF(U13<=X13*1.5,"LOW","OK")))) -> OUT OF STOCK | Z13: =MAX(0,'Item Master'!Q10-IF(V13<>"",V13,U13)) -> 50 | AB13: ='Item Master'!N10 -> Rack 3 – Photos, Frames & Fragile
A14: 7 | B14: ='Item Master'!A11 -> TTP | C14: ='Item Master'!B11 -> Narasimha Table Top (idol/stand) | D14: ='Item Master'!C11 -> Deity Photos & Frames | E14: ='Item Master'!F11 -> Piece | F14: =IF('Mar-2027'!V14<>"",'Mar-2027'!V14,'Mar-2027'!U14) -> 0 | O14: =N(J14)+N(N14) -> 0 | T14: =SUM(P14:S14) -> 0 | U14: =N(F14)+O14-T14 -> 0 | W14: =IF(V14="","",V14-U14) | X14: ='Item Master'!P11 -> 20 | Y14: =IF(B14="","",IF(U14<=0,"OUT OF STOCK",IF(U14<=X14,"REORDER NOW",IF(U14<=X14*1.5,"LOW","OK")))) -> OUT OF STOCK | Z14: =MAX(0,'Item Master'!Q11-IF(V14<>"",V14,U14)) -> 40 | AB14: ='Item Master'!N11 -> Rack 3 – Photos, Frames & Fragile
A15: 8 | B15: ='Item Master'!A12 -> STK | C15: ='Item Master'!B12 -> Narasimha Sticker | D15: ='Item Master'!C12 -> Protection & Mantra | E15: ='Item Master'!F12 -> Piece | F15: =IF('Mar-2027'!V15<>"",'Mar-2027'!V15,'Mar-2027'!U15) -> 0 | O15: =N(J15)+N(N15) -> 0 | T15: =SUM(P15:S15) -> 0 | U15: =N(F15)+O15-T15 -> 0 | W15: =IF(V15="","",V15-U15) | X15: ='Item Master'!P12 -> 300 | Y15: =IF(B15="","",IF(U15<=0,"OUT OF STOCK",IF(U15<=X15,"REORDER NOW",IF(U15<=X15*1.5,"LOW","OK")))) -> OUT OF STOCK | Z15: =MAX(0,'Item Master'!Q12-IF(V15<>"",V15,U15)) -> 600 | AB15: ='Item Master'!N12 -> Rack 4 – Books, Cards & Paper
A16: 9 | B16: ='Item Master'!A13 -> KPR | C16: ='Item Master'!B13 -> Narasimha Kavacha Print Out | D16: ='Item Master'!C13 -> Protection & Mantra | E16: ='Item Master'!F13 -> Sheet | F16: =IF('Mar-2027'!V16<>"",'Mar-2027'!V16,'Mar-2027'!U16) -> 0 | O16: =N(J16)+N(N16) -> 0 | T16: =SUM(P16:S16) -> 0 | U16: =N(F16)+O16-T16 -> 0 | W16: =IF(V16="","",V16-U16) | X16: ='Item Master'!P13 -> 200 | Y16: =IF(B16="","",IF(U16<=0,"OUT OF STOCK",IF(U16<=X16,"REORDER NOW",IF(U16<=X16*1.5,"LOW","OK")))) -> OUT OF STOCK | Z16: =MAX(0,'Item Master'!Q13-IF(V16<>"",V16,U16)) -> 400 | AB16: ='Item Master'!N13 -> Rack 4 – Books, Cards & Paper
A17: 10 | B17: ='Item Master'!A14 -> MBX | C17: ='Item Master'!B14 -> Mantra Box | D17: ='Item Master'!C14 -> Protection & Mantra | E17: ='Item Master'!F14 -> Box | F17: =IF('Mar-2027'!V17<>"",'Mar-2027'!V17,'Mar-2027'!U17) -> 0 | O17: =N(J17)+N(N17) -> 0 | T17: =SUM(P17:S17) -> 0 | U17: =N(F17)+O17-T17 -> 0 | W17: =IF(V17="","",V17-U17) | X17: ='Item Master'!P14 -> 50 | Y17: =IF(B17="","",IF(U17<=0,"OUT OF STOCK",IF(U17<=X17,"REORDER NOW",IF(U17<=X17*1.5,"LOW","OK")))) -> OUT OF STOCK | Z17: =MAX(0,'Item Master'!Q14-IF(V17<>"",V17,U17)) -> 100 | AB17: ='Item Master'!N14 -> Rack 4 – Books, Cards & Paper
A18: 11 | B18: ='Item Master'!A15 -> PRG | C18: ='Item Master'!B15 -> Radha Govinda Photo | D18: ='Item Master'!C15 -> Deity Photos & Frames | E18: ='Item Master'!F15 -> Piece | F18: =IF('Mar-2027'!V18<>"",'Mar-2027'!V18,'Mar-2027'!U18) -> 0 | O18: =N(J18)+N(N18) -> 0 | T18: =SUM(P18:S18) -> 0 | U18: =N(F18)+O18-T18 -> 0 | W18: =IF(V18="","",V18-U18) | X18: ='Item Master'!P15 -> 200 | Y18: =IF(B18="","",IF(U18<=0,"OUT OF STOCK",IF(U18<=X18,"REORDER NOW",IF(U18<=X18*1.5,"LOW","OK")))) -> OUT OF STOCK | Z18: =MAX(0,'Item Master'!Q15-IF(V18<>"",V18,U18)) -> 400 | AB18: ='Item Master'!N15 -> Rack 3 – Photos, Frames & Fragile
A19: 12 | B19: ='Item Master'!A16 -> PHN | C19: ='Item Master'!B16 -> Hanuman Photo | D19: ='Item Master'!C16 -> Deity Photos & Frames | E19: ='Item Master'!F16 -> Piece | F19: =IF('Mar-2027'!V19<>"",'Mar-2027'!V19,'Mar-2027'!U19) -> 0 | O19: =N(J19)+N(N19) -> 0 | T19: =SUM(P19:S19) -> 0 | U19: =N(F19)+O19-T19 -> 0 | W19: =IF(V19="","",V19-U19) | X19: ='Item Master'!P16 -> 100 | Y19: =IF(B19="","",IF(U19<=0,"OUT OF STOCK",IF(U19<=X19,"REORDER NOW",IF(U19<=X19*1.5,"LOW","OK")))) -> OUT OF STOCK | Z19: =MAX(0,'Item Master'!Q16-IF(V19<>"",V19,U19)) -> 200 | AB19: ='Item Master'!N16 -> Rack 3 – Photos, Frames & Fragile
... A66: 59 | B66: ='Item Master'!A63 -> YID | C66: ='Item Master'!B63 -> Yatri ID Card + Lanyard | D66: ='Item Master'!C63 -> Suggested New Items | E66: ='Item Master'!F63 -> Set | F66: =IF('Mar-2027'!V66<>"",'Mar-2027'!V66,'Mar-2027'!U66) -> 0 | O66: =N(J66)+N(N66) -> 0 | T66: =SUM(P66:S66) -> 0 | U66: =N(F66)+O66-T66 -> 0 | W66: =IF(V66="","",V66-U66) | X66: ='Item Master'!P63 -> 100 | Y66: =IF(B66="","",IF(U66<=0,"OUT OF STOCK",IF(U66<=X66,"REORDER NOW",IF(U66<=X66*1.5,"LOW","OK")))) -> OUT OF STOCK | Z66: =MAX(0,'Item Master'!Q63-IF(V66<>"",V66,U66)) -> 300 | AB66: ='Item Master'!N63 -> Rack 6 – Packing & Serving Material
C67: TOTAL (all items) | F67: =SUM(F8:F66) -> 195 | J67: =SUM(J8:J66) -> 0 | N67: =SUM(N8:N66) -> 0 | O67: =SUM(O8:O66) -> 0 | P67: =SUM(P8:P66) -> 0 | Q67: =SUM(Q8:Q66) -> 0 | R67: =SUM(R8:R66) -> 0 | S67: =SUM(S8:S66) -> 0 | T67: =SUM(T8:T66) -> 0 | U67: =SUM(U8:U66) -> 195 | V67: =SUM(V8:V66) -> 0 | Y67: =COUNTIF(Y8:Y66,"REORDER NOW")+COUNTIF(Y8:Y66,"OUT OF STOCK")&" to act" -> 59 to act | Z67: =SUM(Z8:Z66) -> 26995
A69: MONTHLY STOREROOM CHECKLIST (write Y / N and initials) | J69: Done? | K69: Initials
A70: 1 | B70: Physical count of every item done and entered in 'Physical Count'
A71: 2 | B71: All variances explained in Remarks
A72: 3 | B72: Leak test done for tilak / liquid batches packed this month
A73: 4 | B73: Best-before dates checked – items expiring within 30 days moved to front / issued first
A74: 5 | B74: FIFO followed – old stock in front, new stock behind
A75: 6 | B75: Racks cleaned; floor dry; no pests / termites / rodent signs
A76: 7 | B76: Edibles kept separate from fragrance items
A77: 8 | B77: Locked cabinet (coins, kavacha, perfume, pen drives) counted & tallied
A78: 9 | B78: QR audio links tested and working
A79: 10 | B79: Packing consumables (pouches, containers, labels) sufficient for next month
A80: 11 | B80: Upcoming festival / yatra demand checked with Yatra & Donor teams
A81: 12 | B81: Sheet signed by Storekeeper and verified by In-charge
B83: Storekeeper signature: ____________________ | I83: In-charge signature: ____________________ | R83: Date: ____________

Sheet May-2027
A1: Monthly Stock & Packing Register – May-2027
A2: Hare Krishna Movement, Hyderabad • Festivals / focus this month: Narasimha Chaturdashi – PEAK demand for Narasimha items
A3: Month: | C3: May-2027 | G3: Storekeeper: | M3: Physical count date: | S3: Verified by (In-charge):
A4: Yellow = type here • Green = automatic • Opening stock = last month's physical count (or book closing if not counted)
A6: ITEM & OPENING | G6: PACKING BATCH 1 | K6: PACKING BATCH 2 | O6: IN | P6: OUT (ISSUED) | U6: CLOSING & CONTROL | AA6: STORAGE & NOTES
A7: S.No | B7: Item ID | C7: Item Name | D7: Category | E7: Unit | F7: Opening Stock | G7: Date Packed | H7: Date Stored | I7: Batch No. | J7: Qty Packed | K7: Date Packed | L7: Date Stored | M7: Batch No. | N7: Qty Packed | O7: Total Packed / Received | P7: Issued – Donors | Q7: Issued – Yatris | R7: Issued – Events / Other | S7: Damaged / Expired | T7: Total Issued & Out | U7: Closing Stock (Book) | V7: Physical Count (Month End) | W7: Variance (Physical – Book) | X7: Reorder Level | Y7: Stock Status | Z7: Qty to Pack / Order Next Month | AA7: Best Before / Expiry | AB7: Storage Location | AC7: Packed By | AD7: Remarks
A8: 1 | B8: ='Item Master'!A5 -> THR | C8: ='Item Master'!B5 -> Kalasha Thread (wrist thread) | D8: ='Item Master'!C5 -> Kalasha & Yagna Prasadam | E8: ='Item Master'!F5 -> Pouch | F8: =IF('Apr-2027'!V8<>"",'Apr-2027'!V8,'Apr-2027'!U8) -> 0 | O8: =N(J8)+N(N8) -> 0 | T8: =SUM(P8:S8) -> 0 | U8: =N(F8)+O8-T8 -> 0 | W8: =IF(V8="","",V8-U8) | X8: ='Item Master'!P5 -> 300 | Y8: =IF(B8="","",IF(U8<=0,"OUT OF STOCK",IF(U8<=X8,"REORDER NOW",IF(U8<=X8*1.5,"LOW","OK")))) -> OUT OF STOCK | Z8: =MAX(0,'Item Master'!Q5-IF(V8<>"",V8,U8)) -> 600 | AB8: ='Item Master'!N5 -> Rack 1 – Prasadam & Edibles
A9: 2 | B9: ='Item Master'!A6 -> TIL | C9: ='Item Master'!B6 -> Narasimha Yagna Tilak | D9: ='Item Master'!C6 -> Kalasha & Yagna Prasadam | E9: ='Item Master'!F6 -> Container | F9: =IF('Apr-2027'!V9<>"",'Apr-2027'!V9,'Apr-2027'!U9) -> 195 | O9: =N(J9)+N(N9) -> 0 | T9: =SUM(P9:S9) -> 0 | U9: =N(F9)+O9-T9 -> 195 | W9: =IF(V9="","",V9-U9) | X9: ='Item Master'!P6 -> 300 | Y9: =IF(B9="","",IF(U9<=0,"OUT OF STOCK",IF(U9<=X9,"REORDER NOW",IF(U9<=X9*1.5,"LOW","OK")))) -> REORDER NOW | Z9: =MAX(0,'Item Master'!Q6-IF(V9<>"",V9,U9)) -> 405 | AB9: ='Item Master'!N6 -> Rack 2 – Liquids & Oils (bottom shelf, in trays)
A10: 3 | B10: ='Item Master'!A7 -> KAV | C10: ='Item Master'!B7 -> Narasimha Kavacha (protective amulet / locket) | D10: ='Item Master'!C7 -> Protection & Mantra | E10: ='Item Master'!F7 -> Piece | F10: =IF('Apr-2027'!V10<>"",'Apr-2027'!V10,'Apr-2027'!U10) -> 0 | O10: =N(J10)+N(N10) -> 0 | T10: =SUM(P10:S10) -> 0 | U10: =N(F10)+O10-T10 -> 0 | W10: =IF(V10="","",V10-U10) | X10: ='Item Master'!P7 -> 100 | Y10: =IF(B10="","",IF(U10<=0,"OUT OF STOCK",IF(U10<=X10,"REORDER NOW",IF(U10<=X10*1.5,"LOW","OK")))) -> OUT OF STOCK | Z10: =MAX(0,'Item Master'!Q7-IF(V10<>"",V10,U10)) -> 200 | AB10: ='Item Master'!N7 -> Locked Cabinet – Valuables
A11: 4 | B11: ='Item Master'!A8 -> AKV | C11: ='Item Master'!B8 -> Audio – Narasimha Kavacha (QR card) | D11: ='Item Master'!C8 -> Audio / Digital | E11: ='Item Master'!F8 -> Card | F11: =IF('Apr-2027'!V11<>"",'Apr-2027'!V11,'Apr-2027'!U11) -> 0 | O11: =N(J11)+N(N11) -> 0 | T11: =SUM(P11:S11) -> 0 | U11: =N(F11)+O11-T11 -> 0 | W11: =IF(V11="","",V11-U11) | X11: ='Item Master'!P8 -> 200 | Y11: =IF(B11="","",IF(U11<=0,"OUT OF STOCK",IF(U11<=X11,"REORDER NOW",IF(U11<=X11*1.5,"LOW","OK")))) -> OUT OF STOCK | Z11: =MAX(0,'Item Master'!Q8-IF(V11<>"",V11,U11)) -> 500 | AB11: ='Item Master'!N8 -> Rack 4 – Books, Cards & Paper
A12: 5 | B12: ='Item Master'!A9 -> AKR | C12: ='Item Master'!B9 -> Audio – Narasimha Kirtan (QR card) | D12: ='Item Master'!C9 -> Audio / Digital | E12: ='Item Master'!F9 -> Card | F12: =IF('Apr-2027'!V12<>"",'Apr-2027'!V12,'Apr-2027'!U12) -> 0 | O12: =N(J12)+N(N12) -> 0 | T12: =SUM(P12:S12) -> 0 | U12: =N(F12)+O12-T12 -> 0 | W12: =IF(V12="","",V12-U12) | X12: ='Item Master'!P9 -> 200 | Y12: =IF(B12="","",IF(U12<=0,"OUT OF STOCK",IF(U12<=X12,"REORDER NOW",IF(U12<=X12*1.5,"LOW","OK")))) -> OUT OF STOCK | Z12: =MAX(0,'Item Master'!Q9-IF(V12<>"",V12,U12)) -> 500 | AB12: ='Item Master'!N9 -> Rack 4 – Books, Cards & Paper
A13: 6 | B13: ='Item Master'!A10 -> PFR | C13: ='Item Master'!B10 -> Narasimha Photo Frame | D13: ='Item Master'!C10 -> Deity Photos & Frames | E13: ='Item Master'!F10 -> Piece | F13: =IF('Apr-2027'!V13<>"",'Apr-2027'!V13,'Apr-2027'!U13) -> 0 | O13: =N(J13)+N(N13) -> 0 | T13: =SUM(P13:S13) -> 0 | U13: =N(F13)+O13-T13 -> 0 | W13: =IF(V13="","",V13-U13) | X13: ='Item Master'!P10 -> 25 | Y13: =IF(B13="","",IF(U13<=0,"OUT OF STOCK",IF(U13<=X13,"REORDER NOW",IF(U13<=X13*1.5,"LOW","OK")))) -> OUT OF STOCK | Z13: =MAX(0,'Item Master'!Q10-IF(V13<>"",V13,U13)) -> 50 | AB13: ='Item Master'!N10 -> Rack 3 – Photos, Frames & Fragile
A14: 7 | B14: ='Item Master'!A11 -> TTP | C14: ='Item Master'!B11 -> Narasimha Table Top (idol/stand) | D14: ='Item Master'!C11 -> Deity Photos & Frames | E14: ='Item Master'!F11 -> Piece | F14: =IF('Apr-2027'!V14<>"",'Apr-2027'!V14,'Apr-2027'!U14) -> 0 | O14: =N(J14)+N(N14) -> 0 | T14: =SUM(P14:S14) -> 0 | U14: =N(F14)+O14-T14 -> 0 | W14: =IF(V14="","",V14-U14) | X14: ='Item Master'!P11 -> 20 | Y14: =IF(B14="","",IF(U14<=0,"OUT OF STOCK",IF(U14<=X14,"REORDER NOW",IF(U14<=X14*1.5,"LOW","OK")))) -> OUT OF STOCK | Z14: =MAX(0,'Item Master'!Q11-IF(V14<>"",V14,U14)) -> 40 | AB14: ='Item Master'!N11 -> Rack 3 – Photos, Frames & Fragile
A15: 8 | B15: ='Item Master'!A12 -> STK | C15: ='Item Master'!B12 -> Narasimha Sticker | D15: ='Item Master'!C12 -> Protection & Mantra | E15: ='Item Master'!F12 -> Piece | F15: =IF('Apr-2027'!V15<>"",'Apr-2027'!V15,'Apr-2027'!U15) -> 0 | O15: =N(J15)+N(N15) -> 0 | T15: =SUM(P15:S15) -> 0 | U15: =N(F15)+O15-T15 -> 0 | W15: =IF(V15="","",V15-U15) | X15: ='Item Master'!P12 -> 300 | Y15: =IF(B15="","",IF(U15<=0,"OUT OF STOCK",IF(U15<=X15,"REORDER NOW",IF(U15<=X15*1.5,"LOW","OK")))) -> OUT OF STOCK | Z15: =MAX(0,'Item Master'!Q12-IF(V15<>"",V15,U15)) -> 600 | AB15: ='Item Master'!N12 -> Rack 4 – Books, Cards & Paper
A16: 9 | B16: ='Item Master'!A13 -> KPR | C16: ='Item Master'!B13 -> Narasimha Kavacha Print Out | D16: ='Item Master'!C13 -> Protection & Mantra | E16: ='Item Master'!F13 -> Sheet | F16: =IF('Apr-2027'!V16<>"",'Apr-2027'!V16,'Apr-2027'!U16) -> 0 | O16: =N(J16)+N(N16) -> 0 | T16: =SUM(P16:S16) -> 0 | U16: =N(F16)+O16-T16 -> 0 | W16: =IF(V16="","",V16-U16) | X16: ='Item Master'!P13 -> 200 | Y16: =IF(B16="","",IF(U16<=0,"OUT OF STOCK",IF(U16<=X16,"REORDER NOW",IF(U16<=X16*1.5,"LOW","OK")))) -> OUT OF STOCK | Z16: =MAX(0,'Item Master'!Q13-IF(V16<>"",V16,U16)) -> 400 | AB16: ='Item Master'!N13 -> Rack 4 – Books, Cards & Paper
A17: 10 | B17: ='Item Master'!A14 -> MBX | C17: ='Item Master'!B14 -> Mantra Box | D17: ='Item Master'!C14 -> Protection & Mantra | E17: ='Item Master'!F14 -> Box | F17: =IF('Apr-2027'!V17<>"",'Apr-2027'!V17,'Apr-2027'!U17) -> 0 | O17: =N(J17)+N(N17) -> 0 | T17: =SUM(P17:S17) -> 0 | U17: =N(F17)+O17-T17 -> 0 | W17: =IF(V17="","",V17-U17) | X17: ='Item Master'!P14 -> 50 | Y17: =IF(B17="","",IF(U17<=0,"OUT OF STOCK",IF(U17<=X17,"REORDER NOW",IF(U17<=X17*1.5,"LOW","OK")))) -> OUT OF STOCK | Z17: =MAX(0,'Item Master'!Q14-IF(V17<>"",V17,U17)) -> 100 | AB17: ='Item Master'!N14 -> Rack 4 – Books, Cards & Paper
A18: 11 | B18: ='Item Master'!A15 -> PRG | C18: ='Item Master'!B15 -> Radha Govinda Photo | D18: ='Item Master'!C15 -> Deity Photos & Frames | E18: ='Item Master'!F15 -> Piece | F18: =IF('Apr-2027'!V18<>"",'Apr-2027'!V18,'Apr-2027'!U18) -> 0 | O18: =N(J18)+N(N18) -> 0 | T18: =SUM(P18:S18) -> 0 | U18: =N(F18)+O18-T18 -> 0 | W18: =IF(V18="","",V18-U18) | X18: ='Item Master'!P15 -> 200 | Y18: =IF(B18="","",IF(U18<=0,"OUT OF STOCK",IF(U18<=X18,"REORDER NOW",IF(U18<=X18*1.5,"LOW","OK")))) -> OUT OF STOCK | Z18: =MAX(0,'Item Master'!Q15-IF(V18<>"",V18,U18)) -> 400 | AB18: ='Item Master'!N15 -> Rack 3 – Photos, Frames & Fragile
A19: 12 | B19: ='Item Master'!A16 -> PHN | C19: ='Item Master'!B16 -> Hanuman Photo | D19: ='Item Master'!C16 -> Deity Photos & Frames | E19: ='Item Master'!F16 -> Piece | F19: =IF('Apr-2027'!V19<>"",'Apr-2027'!V19,'Apr-2027'!U19) -> 0 | O19: =N(J19)+N(N19) -> 0 | T19: =SUM(P19:S19) -> 0 | U19: =N(F19)+O19-T19 -> 0 | W19: =IF(V19="","",V19-U19) | X19: ='Item Master'!P16 -> 100 | Y19: =IF(B19="","",IF(U19<=0,"OUT OF STOCK",IF(U19<=X19,"REORDER NOW",IF(U19<=X19*1.5,"LOW","OK")))) -> OUT OF STOCK | Z19: =MAX(0,'Item Master'!Q16-IF(V19<>"",V19,U19)) -> 200 | AB19: ='Item Master'!N16 -> Rack 3 – Photos, Frames & Fragile
... A66: 59 | B66: ='Item Master'!A63 -> YID | C66: ='Item Master'!B63 -> Yatri ID Card + Lanyard | D66: ='Item Master'!C63 -> Suggested New Items | E66: ='Item Master'!F63 -> Set | F66: =IF('Apr-2027'!V66<>"",'Apr-2027'!V66,'Apr-2027'!U66) -> 0 | O66: =N(J66)+N(N66) -> 0 | T66: =SUM(P66:S66) -> 0 | U66: =N(F66)+O66-T66 -> 0 | W66: =IF(V66="","",V66-U66) | X66: ='Item Master'!P63 -> 100 | Y66: =IF(B66="","",IF(U66<=0,"OUT OF STOCK",IF(U66<=X66,"REORDER NOW",IF(U66<=X66*1.5,"LOW","OK")))) -> OUT OF STOCK | Z66: =MAX(0,'Item Master'!Q63-IF(V66<>"",V66,U66)) -> 300 | AB66: ='Item Master'!N63 -> Rack 6 – Packing & Serving Material
C67: TOTAL (all items) | F67: =SUM(F8:F66) -> 195 | J67: =SUM(J8:J66) -> 0 | N67: =SUM(N8:N66) -> 0 | O67: =SUM(O8:O66) -> 0 | P67: =SUM(P8:P66) -> 0 | Q67: =SUM(Q8:Q66) -> 0 | R67: =SUM(R8:R66) -> 0 | S67: =SUM(S8:S66) -> 0 | T67: =SUM(T8:T66) -> 0 | U67: =SUM(U8:U66) -> 195 | V67: =SUM(V8:V66) -> 0 | Y67: =COUNTIF(Y8:Y66,"REORDER NOW")+COUNTIF(Y8:Y66,"OUT OF STOCK")&" to act" -> 59 to act | Z67: =SUM(Z8:Z66) -> 26995
A69: MONTHLY STOREROOM CHECKLIST (write Y / N and initials) | J69: Done? | K69: Initials
A70: 1 | B70: Physical count of every item done and entered in 'Physical Count'
A71: 2 | B71: All variances explained in Remarks
A72: 3 | B72: Leak test done for tilak / liquid batches packed this month
A73: 4 | B73: Best-before dates checked – items expiring within 30 days moved to front / issued first
A74: 5 | B74: FIFO followed – old stock in front, new stock behind
A75: 6 | B75: Racks cleaned; floor dry; no pests / termites / rodent signs
A76: 7 | B76: Edibles kept separate from fragrance items
A77: 8 | B77: Locked cabinet (coins, kavacha, perfume, pen drives) counted & tallied
A78: 9 | B78: QR audio links tested and working
A79: 10 | B79: Packing consumables (pouches, containers, labels) sufficient for next month
A80: 11 | B80: Upcoming festival / yatra demand checked with Yatra & Donor teams
A81: 12 | B81: Sheet signed by Storekeeper and verified by In-charge
B83: Storekeeper signature: ____________________ | I83: In-charge signature: ____________________ | R83: Date: ____________

Sheet Jun-2027
A1: Monthly Stock & Packing Register – Jun-2027
A2: Hare Krishna Movement, Hyderabad • Festivals / focus this month: Snana Yatra – holy water/charanamrita; Chardham yatra season
A3: Month: | C3: Jun-2027 | G3: Storekeeper: | M3: Physical count date: | S3: Verified by (In-charge):
A4: Yellow = type here • Green = automatic • Opening stock = last month's physical count (or book closing if not counted)
A6: ITEM & OPENING | G6: PACKING BATCH 1 | K6: PACKING BATCH 2 | O6: IN | P6: OUT (ISSUED) | U6: CLOSING & CONTROL | AA6: STORAGE & NOTES
A7: S.No | B7: Item ID | C7: Item Name | D7: Category | E7: Unit | F7: Opening Stock | G7: Date Packed | H7: Date Stored | I7: Batch No. | J7: Qty Packed | K7: Date Packed | L7: Date Stored | M7: Batch No. | N7: Qty Packed | O7: Total Packed / Received | P7: Issued – Donors | Q7: Issued – Yatris | R7: Issued – Events / Other | S7: Damaged / Expired | T7: Total Issued & Out | U7: Closing Stock (Book) | V7: Physical Count (Month End) | W7: Variance (Physical – Book) | X7: Reorder Level | Y7: Stock Status | Z7: Qty to Pack / Order Next Month | AA7: Best Before / Expiry | AB7: Storage Location | AC7: Packed By | AD7: Remarks
A8: 1 | B8: ='Item Master'!A5 -> THR | C8: ='Item Master'!B5 -> Kalasha Thread (wrist thread) | D8: ='Item Master'!C5 -> Kalasha & Yagna Prasadam | E8: ='Item Master'!F5 -> Pouch | F8: =IF('May-2027'!V8<>"",'May-2027'!V8,'May-2027'!U8) -> 0 | O8: =N(J8)+N(N8) -> 0 | T8: =SUM(P8:S8) -> 0 | U8: =N(F8)+O8-T8 -> 0 | W8: =IF(V8="","",V8-U8) | X8: ='Item Master'!P5 -> 300 | Y8: =IF(B8="","",IF(U8<=0,"OUT OF STOCK",IF(U8<=X8,"REORDER NOW",IF(U8<=X8*1.5,"LOW","OK")))) -> OUT OF STOCK | Z8: =MAX(0,'Item Master'!Q5-IF(V8<>"",V8,U8)) -> 600 | AB8: ='Item Master'!N5 -> Rack 1 – Prasadam & Edibles
A9: 2 | B9: ='Item Master'!A6 -> TIL | C9: ='Item Master'!B6 -> Narasimha Yagna Tilak | D9: ='Item Master'!C6 -> Kalasha & Yagna Prasadam | E9: ='Item Master'!F6 -> Container | F9: =IF('May-2027'!V9<>"",'May-2027'!V9,'May-2027'!U9) -> 195 | O9: =N(J9)+N(N9) -> 0 | T9: =SUM(P9:S9) -> 0 | U9: =N(F9)+O9-T9 -> 195 | W9: =IF(V9="","",V9-U9) | X9: ='Item Master'!P6 -> 300 | Y9: =IF(B9="","",IF(U9<=0,"OUT OF STOCK",IF(U9<=X9,"REORDER NOW",IF(U9<=X9*1.5,"LOW","OK")))) -> REORDER NOW | Z9: =MAX(0,'Item Master'!Q6-IF(V9<>"",V9,U9)) -> 405 | AB9: ='Item Master'!N6 -> Rack 2 – Liquids & Oils (bottom shelf, in trays)
A10: 3 | B10: ='Item Master'!A7 -> KAV | C10: ='Item Master'!B7 -> Narasimha Kavacha (protective amulet / locket) | D10: ='Item Master'!C7 -> Protection & Mantra | E10: ='Item Master'!F7 -> Piece | F10: =IF('May-2027'!V10<>"",'May-2027'!V10,'May-2027'!U10) -> 0 | O10: =N(J10)+N(N10) -> 0 | T10: =SUM(P10:S10) -> 0 | U10: =N(F10)+O10-T10 -> 0 | W10: =IF(V10="","",V10-U10) | X10: ='Item Master'!P7 -> 100 | Y10: =IF(B10="","",IF(U10<=0,"OUT OF STOCK",IF(U10<=X10,"REORDER NOW",IF(U10<=X10*1.5,"LOW","OK")))) -> OUT OF STOCK | Z10: =MAX(0,'Item Master'!Q7-IF(V10<>"",V10,U10)) -> 200 | AB10: ='Item Master'!N7 -> Locked Cabinet – Valuables
A11: 4 | B11: ='Item Master'!A8 -> AKV | C11: ='Item Master'!B8 -> Audio – Narasimha Kavacha (QR card) | D11: ='Item Master'!C8 -> Audio / Digital | E11: ='Item Master'!F8 -> Card | F11: =IF('May-2027'!V11<>"",'May-2027'!V11,'May-2027'!U11) -> 0 | O11: =N(J11)+N(N11) -> 0 | T11: =SUM(P11:S11) -> 0 | U11: =N(F11)+O11-T11 -> 0 | W11: =IF(V11="","",V11-U11) | X11: ='Item Master'!P8 -> 200 | Y11: =IF(B11="","",IF(U11<=0,"OUT OF STOCK",IF(U11<=X11,"REORDER NOW",IF(U11<=X11*1.5,"LOW","OK")))) -> OUT OF STOCK | Z11: =MAX(0,'Item Master'!Q8-IF(V11<>"",V11,U11)) -> 500 | AB11: ='Item Master'!N8 -> Rack 4 – Books, Cards & Paper
A12: 5 | B12: ='Item Master'!A9 -> AKR | C12: ='Item Master'!B9 -> Audio – Narasimha Kirtan (QR card) | D12: ='Item Master'!C9 -> Audio / Digital | E12: ='Item Master'!F9 -> Card | F12: =IF('May-2027'!V12<>"",'May-2027'!V12,'May-2027'!U12) -> 0 | O12: =N(J12)+N(N12) -> 0 | T12: =SUM(P12:S12) -> 0 | U12: =N(F12)+O12-T12 -> 0 | W12: =IF(V12="","",V12-U12) | X12: ='Item Master'!P9 -> 200 | Y12: =IF(B12="","",IF(U12<=0,"OUT OF STOCK",IF(U12<=X12,"REORDER NOW",IF(U12<=X12*1.5,"LOW","OK")))) -> OUT OF STOCK | Z12: =MAX(0,'Item Master'!Q9-IF(V12<>"",V12,U12)) -> 500 | AB12: ='Item Master'!N9 -> Rack 4 – Books, Cards & Paper
A13: 6 | B13: ='Item Master'!A10 -> PFR | C13: ='Item Master'!B10 -> Narasimha Photo Frame | D13: ='Item Master'!C10 -> Deity Photos & Frames | E13: ='Item Master'!F10 -> Piece | F13: =IF('May-2027'!V13<>"",'May-2027'!V13,'May-2027'!U13) -> 0 | O13: =N(J13)+N(N13) -> 0 | T13: =SUM(P13:S13) -> 0 | U13: =N(F13)+O13-T13 -> 0 | W13: =IF(V13="","",V13-U13) | X13: ='Item Master'!P10 -> 25 | Y13: =IF(B13="","",IF(U13<=0,"OUT OF STOCK",IF(U13<=X13,"REORDER NOW",IF(U13<=X13*1.5,"LOW","OK")))) -> OUT OF STOCK | Z13: =MAX(0,'Item Master'!Q10-IF(V13<>"",V13,U13)) -> 50 | AB13: ='Item Master'!N10 -> Rack 3 – Photos, Frames & Fragile
A14: 7 | B14: ='Item Master'!A11 -> TTP | C14: ='Item Master'!B11 -> Narasimha Table Top (idol/stand) | D14: ='Item Master'!C11 -> Deity Photos & Frames | E14: ='Item Master'!F11 -> Piece | F14: =IF('May-2027'!V14<>"",'May-2027'!V14,'May-2027'!U14) -> 0 | O14: =N(J14)+N(N14) -> 0 | T14: =SUM(P14:S14) -> 0 | U14: =N(F14)+O14-T14 -> 0 | W14: =IF(V14="","",V14-U14) | X14: ='Item Master'!P11 -> 20 | Y14: =IF(B14="","",IF(U14<=0,"OUT OF STOCK",IF(U14<=X14,"REORDER NOW",IF(U14<=X14*1.5,"LOW","OK")))) -> OUT OF STOCK | Z14: =MAX(0,'Item Master'!Q11-IF(V14<>"",V14,U14)) -> 40 | AB14: ='Item Master'!N11 -> Rack 3 – Photos, Frames & Fragile
A15: 8 | B15: ='Item Master'!A12 -> STK | C15: ='Item Master'!B12 -> Narasimha Sticker | D15: ='Item Master'!C12 -> Protection & Mantra | E15: ='Item Master'!F12 -> Piece | F15: =IF('May-2027'!V15<>"",'May-2027'!V15,'May-2027'!U15) -> 0 | O15: =N(J15)+N(N15) -> 0 | T15: =SUM(P15:S15) -> 0 | U15: =N(F15)+O15-T15 -> 0 | W15: =IF(V15="","",V15-U15) | X15: ='Item Master'!P12 -> 300 | Y15: =IF(B15="","",IF(U15<=0,"OUT OF STOCK",IF(U15<=X15,"REORDER NOW",IF(U15<=X15*1.5,"LOW","OK")))) -> OUT OF STOCK | Z15: =MAX(0,'Item Master'!Q12-IF(V15<>"",V15,U15)) -> 600 | AB15: ='Item Master'!N12 -> Rack 4 – Books, Cards & Paper
A16: 9 | B16: ='Item Master'!A13 -> KPR | C16: ='Item Master'!B13 -> Narasimha Kavacha Print Out | D16: ='Item Master'!C13 -> Protection & Mantra | E16: ='Item Master'!F13 -> Sheet | F16: =IF('May-2027'!V16<>"",'May-2027'!V16,'May-2027'!U16) -> 0 | O16: =N(J16)+N(N16) -> 0 | T16: =SUM(P16:S16) -> 0 | U16: =N(F16)+O16-T16 -> 0 | W16: =IF(V16="","",V16-U16) | X16: ='Item Master'!P13 -> 200 | Y16: =IF(B16="","",IF(U16<=0,"OUT OF STOCK",IF(U16<=X16,"REORDER NOW",IF(U16<=X16*1.5,"LOW","OK")))) -> OUT OF STOCK | Z16: =MAX(0,'Item Master'!Q13-IF(V16<>"",V16,U16)) -> 400 | AB16: ='Item Master'!N13 -> Rack 4 – Books, Cards & Paper
A17: 10 | B17: ='Item Master'!A14 -> MBX | C17: ='Item Master'!B14 -> Mantra Box | D17: ='Item Master'!C14 -> Protection & Mantra | E17: ='Item Master'!F14 -> Box | F17: =IF('May-2027'!V17<>"",'May-2027'!V17,'May-2027'!U17) -> 0 | O17: =N(J17)+N(N17) -> 0 | T17: =SUM(P17:S17) -> 0 | U17: =N(F17)+O17-T17 -> 0 | W17: =IF(V17="","",V17-U17) | X17: ='Item Master'!P14 -> 50 | Y17: =IF(B17="","",IF(U17<=0,"OUT OF STOCK",IF(U17<=X17,"REORDER NOW",IF(U17<=X17*1.5,"LOW","OK")))) -> OUT OF STOCK | Z17: =MAX(0,'Item Master'!Q14-IF(V17<>"",V17,U17)) -> 100 | AB17: ='Item Master'!N14 -> Rack 4 – Books, Cards & Paper
A18: 11 | B18: ='Item Master'!A15 -> PRG | C18: ='Item Master'!B15 -> Radha Govinda Photo | D18: ='Item Master'!C15 -> Deity Photos & Frames | E18: ='Item Master'!F15 -> Piece | F18: =IF('May-2027'!V18<>"",'May-2027'!V18,'May-2027'!U18) -> 0 | O18: =N(J18)+N(N18) -> 0 | T18: =SUM(P18:S18) -> 0 | U18: =N(F18)+O18-T18 -> 0 | W18: =IF(V18="","",V18-U18) | X18: ='Item Master'!P15 -> 200 | Y18: =IF(B18="","",IF(U18<=0,"OUT OF STOCK",IF(U18<=X18,"REORDER NOW",IF(U18<=X18*1.5,"LOW","OK")))) -> OUT OF STOCK | Z18: =MAX(0,'Item Master'!Q15-IF(V18<>"",V18,U18)) -> 400 | AB18: ='Item Master'!N15 -> Rack 3 – Photos, Frames & Fragile
A19: 12 | B19: ='Item Master'!A16 -> PHN | C19: ='Item Master'!B16 -> Hanuman Photo | D19: ='Item Master'!C16 -> Deity Photos & Frames | E19: ='Item Master'!F16 -> Piece | F19: =IF('May-2027'!V19<>"",'May-2027'!V19,'May-2027'!U19) -> 0 | O19: =N(J19)+N(N19) -> 0 | T19: =SUM(P19:S19) -> 0 | U19: =N(F19)+O19-T19 -> 0 | W19: =IF(V19="","",V19-U19) | X19: ='Item Master'!P16 -> 100 | Y19: =IF(B19="","",IF(U19<=0,"OUT OF STOCK",IF(U19<=X19,"REORDER NOW",IF(U19<=X19*1.5,"LOW","OK")))) -> OUT OF STOCK | Z19: =MAX(0,'Item Master'!Q16-IF(V19<>"",V19,U19)) -> 200 | AB19: ='Item Master'!N16 -> Rack 3 – Photos, Frames & Fragile
... A66: 59 | B66: ='Item Master'!A63 -> YID | C66: ='Item Master'!B63 -> Yatri ID Card + Lanyard | D66: ='Item Master'!C63 -> Suggested New Items | E66: ='Item Master'!F63 -> Set | F66: =IF('May-2027'!V66<>"",'May-2027'!V66,'May-2027'!U66) -> 0 | O66: =N(J66)+N(N66) -> 0 | T66: =SUM(P66:S66) -> 0 | U66: =N(F66)+O66-T66 -> 0 | W66: =IF(V66="","",V66-U66) | X66: ='Item Master'!P63 -> 100 | Y66: =IF(B66="","",IF(U66<=0,"OUT OF STOCK",IF(U66<=X66,"REORDER NOW",IF(U66<=X66*1.5,"LOW","OK")))) -> OUT OF STOCK | Z66: =MAX(0,'Item Master'!Q63-IF(V66<>"",V66,U66)) -> 300 | AB66: ='Item Master'!N63 -> Rack 6 – Packing & Serving Material
C67: TOTAL (all items) | F67: =SUM(F8:F66) -> 195 | J67: =SUM(J8:J66) -> 0 | N67: =SUM(N8:N66) -> 0 | O67: =SUM(O8:O66) -> 0 | P67: =SUM(P8:P66) -> 0 | Q67: =SUM(Q8:Q66) -> 0 | R67: =SUM(R8:R66) -> 0 | S67: =SUM(S8:S66) -> 0 | T67: =SUM(T8:T66) -> 0 | U67: =SUM(U8:U66) -> 195 | V67: =SUM(V8:V66) -> 0 | Y67: =COUNTIF(Y8:Y66,"REORDER NOW")+COUNTIF(Y8:Y66,"OUT OF STOCK")&" to act" -> 59 to act | Z67: =SUM(Z8:Z66) -> 26995
A69: MONTHLY STOREROOM CHECKLIST (write Y / N and initials) | J69: Done? | K69: Initials
A70: 1 | B70: Physical count of every item done and entered in 'Physical Count'
A71: 2 | B71: All variances explained in Remarks
A72: 3 | B72: Leak test done for tilak / liquid batches packed this month
A73: 4 | B73: Best-before dates checked – items expiring within 30 days moved to front / issued first
A74: 5 | B74: FIFO followed – old stock in front, new stock behind
A75: 6 | B75: Racks cleaned; floor dry; no pests / termites / rodent signs
A76: 7 | B76: Edibles kept separate from fragrance items
A77: 8 | B77: Locked cabinet (coins, kavacha, perfume, pen drives) counted & tallied
A78: 9 | B78: QR audio links tested and working
A79: 10 | B79: Packing consumables (pouches, containers, labels) sufficient for next month
A80: 11 | B80: Upcoming festival / yatra demand checked with Yatra & Donor teams
A81: 12 | B81: Sheet signed by Storekeeper and verified by In-charge
B83: Storekeeper signature: ____________________ | I83: In-charge signature: ____________________ | R83: Date: ____________

Sheet Jul-2027
A1: Monthly Stock & Packing Register – Jul-2027
A2: Hare Krishna Movement, Hyderabad • Festivals / focus this month: Ratha Yatra
A3: Month: | C3: Jul-2027 | G3: Storekeeper: | M3: Physical count date: | S3: Verified by (In-charge):
A4: Yellow = type here • Green = automatic • Opening stock = last month's physical count (or book closing if not counted)
A6: ITEM & OPENING | G6: PACKING BATCH 1 | K6: PACKING BATCH 2 | O6: IN | P6: OUT (ISSUED) | U6: CLOSING & CONTROL | AA6: STORAGE & NOTES
A7: S.No | B7: Item ID | C7: Item Name | D7: Category | E7: Unit | F7: Opening Stock | G7: Date Packed | H7: Date Stored | I7: Batch No. | J7: Qty Packed | K7: Date Packed | L7: Date Stored | M7: Batch No. | N7: Qty Packed | O7: Total Packed / Received | P7: Issued – Donors | Q7: Issued – Yatris | R7: Issued – Events / Other | S7: Damaged / Expired | T7: Total Issued & Out | U7: Closing Stock (Book) | V7: Physical Count (Month End) | W7: Variance (Physical – Book) | X7: Reorder Level | Y7: Stock Status | Z7: Qty to Pack / Order Next Month | AA7: Best Before / Expiry | AB7: Storage Location | AC7: Packed By | AD7: Remarks
A8: 1 | B8: ='Item Master'!A5 -> THR | C8: ='Item Master'!B5 -> Kalasha Thread (wrist thread) | D8: ='Item Master'!C5 -> Kalasha & Yagna Prasadam | E8: ='Item Master'!F5 -> Pouch | F8: =IF('Jun-2027'!V8<>"",'Jun-2027'!V8,'Jun-2027'!U8) -> 0 | O8: =N(J8)+N(N8) -> 0 | T8: =SUM(P8:S8) -> 0 | U8: =N(F8)+O8-T8 -> 0 | W8: =IF(V8="","",V8-U8) | X8: ='Item Master'!P5 -> 300 | Y8: =IF(B8="","",IF(U8<=0,"OUT OF STOCK",IF(U8<=X8,"REORDER NOW",IF(U8<=X8*1.5,"LOW","OK")))) -> OUT OF STOCK | Z8: =MAX(0,'Item Master'!Q5-IF(V8<>"",V8,U8)) -> 600 | AB8: ='Item Master'!N5 -> Rack 1 – Prasadam & Edibles
A9: 2 | B9: ='Item Master'!A6 -> TIL | C9: ='Item Master'!B6 -> Narasimha Yagna Tilak | D9: ='Item Master'!C6 -> Kalasha & Yagna Prasadam | E9: ='Item Master'!F6 -> Container | F9: =IF('Jun-2027'!V9<>"",'Jun-2027'!V9,'Jun-2027'!U9) -> 195 | O9: =N(J9)+N(N9) -> 0 | T9: =SUM(P9:S9) -> 0 | U9: =N(F9)+O9-T9 -> 195 | W9: =IF(V9="","",V9-U9) | X9: ='Item Master'!P6 -> 300 | Y9: =IF(B9="","",IF(U9<=0,"OUT OF STOCK",IF(U9<=X9,"REORDER NOW",IF(U9<=X9*1.5,"LOW","OK")))) -> REORDER NOW | Z9: =MAX(0,'Item Master'!Q6-IF(V9<>"",V9,U9)) -> 405 | AB9: ='Item Master'!N6 -> Rack 2 – Liquids & Oils (bottom shelf, in trays)
A10: 3 | B10: ='Item Master'!A7 -> KAV | C10: ='Item Master'!B7 -> Narasimha Kavacha (protective amulet / locket) | D10: ='Item Master'!C7 -> Protection & Mantra | E10: ='Item Master'!F7 -> Piece | F10: =IF('Jun-2027'!V10<>"",'Jun-2027'!V10,'Jun-2027'!U10) -> 0 | O10: =N(J10)+N(N10) -> 0 | T10: =SUM(P10:S10) -> 0 | U10: =N(F10)+O10-T10 -> 0 | W10: =IF(V10="","",V10-U10) | X10: ='Item Master'!P7 -> 100 | Y10: =IF(B10="","",IF(U10<=0,"OUT OF STOCK",IF(U10<=X10,"REORDER NOW",IF(U10<=X10*1.5,"LOW","OK")))) -> OUT OF STOCK | Z10: =MAX(0,'Item Master'!Q7-IF(V10<>"",V10,U10)) -> 200 | AB10: ='Item Master'!N7 -> Locked Cabinet – Valuables
A11: 4 | B11: ='Item Master'!A8 -> AKV | C11: ='Item Master'!B8 -> Audio – Narasimha Kavacha (QR card) | D11: ='Item Master'!C8 -> Audio / Digital | E11: ='Item Master'!F8 -> Card | F11: =IF('Jun-2027'!V11<>"",'Jun-2027'!V11,'Jun-2027'!U11) -> 0 | O11: =N(J11)+N(N11) -> 0 | T11: =SUM(P11:S11) -> 0 | U11: =N(F11)+O11-T11 -> 0 | W11: =IF(V11="","",V11-U11) | X11: ='Item Master'!P8 -> 200 | Y11: =IF(B11="","",IF(U11<=0,"OUT OF STOCK",IF(U11<=X11,"REORDER NOW",IF(U11<=X11*1.5,"LOW","OK")))) -> OUT OF STOCK | Z11: =MAX(0,'Item Master'!Q8-IF(V11<>"",V11,U11)) -> 500 | AB11: ='Item Master'!N8 -> Rack 4 – Books, Cards & Paper
A12: 5 | B12: ='Item Master'!A9 -> AKR | C12: ='Item Master'!B9 -> Audio – Narasimha Kirtan (QR card) | D12: ='Item Master'!C9 -> Audio / Digital | E12: ='Item Master'!F9 -> Card | F12: =IF('Jun-2027'!V12<>"",'Jun-2027'!V12,'Jun-2027'!U12) -> 0 | O12: =N(J12)+N(N12) -> 0 | T12: =SUM(P12:S12) -> 0 | U12: =N(F12)+O12-T12 -> 0 | W12: =IF(V12="","",V12-U12) | X12: ='Item Master'!P9 -> 200 | Y12: =IF(B12="","",IF(U12<=0,"OUT OF STOCK",IF(U12<=X12,"REORDER NOW",IF(U12<=X12*1.5,"LOW","OK")))) -> OUT OF STOCK | Z12: =MAX(0,'Item Master'!Q9-IF(V12<>"",V12,U12)) -> 500 | AB12: ='Item Master'!N9 -> Rack 4 – Books, Cards & Paper
A13: 6 | B13: ='Item Master'!A10 -> PFR | C13: ='Item Master'!B10 -> Narasimha Photo Frame | D13: ='Item Master'!C10 -> Deity Photos & Frames | E13: ='Item Master'!F10 -> Piece | F13: =IF('Jun-2027'!V13<>"",'Jun-2027'!V13,'Jun-2027'!U13) -> 0 | O13: =N(J13)+N(N13) -> 0 | T13: =SUM(P13:S13) -> 0 | U13: =N(F13)+O13-T13 -> 0 | W13: =IF(V13="","",V13-U13) | X13: ='Item Master'!P10 -> 25 | Y13: =IF(B13="","",IF(U13<=0,"OUT OF STOCK",IF(U13<=X13,"REORDER NOW",IF(U13<=X13*1.5,"LOW","OK")))) -> OUT OF STOCK | Z13: =MAX(0,'Item Master'!Q10-IF(V13<>"",V13,U13)) -> 50 | AB13: ='Item Master'!N10 -> Rack 3 – Photos, Frames & Fragile
A14: 7 | B14: ='Item Master'!A11 -> TTP | C14: ='Item Master'!B11 -> Narasimha Table Top (idol/stand) | D14: ='Item Master'!C11 -> Deity Photos & Frames | E14: ='Item Master'!F11 -> Piece | F14: =IF('Jun-2027'!V14<>"",'Jun-2027'!V14,'Jun-2027'!U14) -> 0 | O14: =N(J14)+N(N14) -> 0 | T14: =SUM(P14:S14) -> 0 | U14: =N(F14)+O14-T14 -> 0 | W14: =IF(V14="","",V14-U14) | X14: ='Item Master'!P11 -> 20 | Y14: =IF(B14="","",IF(U14<=0,"OUT OF STOCK",IF(U14<=X14,"REORDER NOW",IF(U14<=X14*1.5,"LOW","OK")))) -> OUT OF STOCK | Z14: =MAX(0,'Item Master'!Q11-IF(V14<>"",V14,U14)) -> 40 | AB14: ='Item Master'!N11 -> Rack 3 – Photos, Frames & Fragile
A15: 8 | B15: ='Item Master'!A12 -> STK | C15: ='Item Master'!B12 -> Narasimha Sticker | D15: ='Item Master'!C12 -> Protection & Mantra | E15: ='Item Master'!F12 -> Piece | F15: =IF('Jun-2027'!V15<>"",'Jun-2027'!V15,'Jun-2027'!U15) -> 0 | O15: =N(J15)+N(N15) -> 0 | T15: =SUM(P15:S15) -> 0 | U15: =N(F15)+O15-T15 -> 0 | W15: =IF(V15="","",V15-U15) | X15: ='Item Master'!P12 -> 300 | Y15: =IF(B15="","",IF(U15<=0,"OUT OF STOCK",IF(U15<=X15,"REORDER NOW",IF(U15<=X15*1.5,"LOW","OK")))) -> OUT OF STOCK | Z15: =MAX(0,'Item Master'!Q12-IF(V15<>"",V15,U15)) -> 600 | AB15: ='Item Master'!N12 -> Rack 4 – Books, Cards & Paper
A16: 9 | B16: ='Item Master'!A13 -> KPR | C16: ='Item Master'!B13 -> Narasimha Kavacha Print Out | D16: ='Item Master'!C13 -> Protection & Mantra | E16: ='Item Master'!F13 -> Sheet | F16: =IF('Jun-2027'!V16<>"",'Jun-2027'!V16,'Jun-2027'!U16) -> 0 | O16: =N(J16)+N(N16) -> 0 | T16: =SUM(P16:S16) -> 0 | U16: =N(F16)+O16-T16 -> 0 | W16: =IF(V16="","",V16-U16) | X16: ='Item Master'!P13 -> 200 | Y16: =IF(B16="","",IF(U16<=0,"OUT OF STOCK",IF(U16<=X16,"REORDER NOW",IF(U16<=X16*1.5,"LOW","OK")))) -> OUT OF STOCK | Z16: =MAX(0,'Item Master'!Q13-IF(V16<>"",V16,U16)) -> 400 | AB16: ='Item Master'!N13 -> Rack 4 – Books, Cards & Paper
A17: 10 | B17: ='Item Master'!A14 -> MBX | C17: ='Item Master'!B14 -> Mantra Box | D17: ='Item Master'!C14 -> Protection & Mantra | E17: ='Item Master'!F14 -> Box | F17: =IF('Jun-2027'!V17<>"",'Jun-2027'!V17,'Jun-2027'!U17) -> 0 | O17: =N(J17)+N(N17) -> 0 | T17: =SUM(P17:S17) -> 0 | U17: =N(F17)+O17-T17 -> 0 | W17: =IF(V17="","",V17-U17) | X17: ='Item Master'!P14 -> 50 | Y17: =IF(B17="","",IF(U17<=0,"OUT OF STOCK",IF(U17<=X17,"REORDER NOW",IF(U17<=X17*1.5,"LOW","OK")))) -> OUT OF STOCK | Z17: =MAX(0,'Item Master'!Q14-IF(V17<>"",V17,U17)) -> 100 | AB17: ='Item Master'!N14 -> Rack 4 – Books, Cards & Paper
A18: 11 | B18: ='Item Master'!A15 -> PRG | C18: ='Item Master'!B15 -> Radha Govinda Photo | D18: ='Item Master'!C15 -> Deity Photos & Frames | E18: ='Item Master'!F15 -> Piece | F18: =IF('Jun-2027'!V18<>"",'Jun-2027'!V18,'Jun-2027'!U18) -> 0 | O18: =N(J18)+N(N18) -> 0 | T18: =SUM(P18:S18) -> 0 | U18: =N(F18)+O18-T18 -> 0 | W18: =IF(V18="","",V18-U18) | X18: ='Item Master'!P15 -> 200 | Y18: =IF(B18="","",IF(U18<=0,"OUT OF STOCK",IF(U18<=X18,"REORDER NOW",IF(U18<=X18*1.5,"LOW","OK")))) -> OUT OF STOCK | Z18: =MAX(0,'Item Master'!Q15-IF(V18<>"",V18,U18)) -> 400 | AB18: ='Item Master'!N15 -> Rack 3 – Photos, Frames & Fragile
A19: 12 | B19: ='Item Master'!A16 -> PHN | C19: ='Item Master'!B16 -> Hanuman Photo | D19: ='Item Master'!C16 -> Deity Photos & Frames | E19: ='Item Master'!F16 -> Piece | F19: =IF('Jun-2027'!V19<>"",'Jun-2027'!V19,'Jun-2027'!U19) -> 0 | O19: =N(J19)+N(N19) -> 0 | T19: =SUM(P19:S19) -> 0 | U19: =N(F19)+O19-T19 -> 0 | W19: =IF(V19="","",V19-U19) | X19: ='Item Master'!P16 -> 100 | Y19: =IF(B19="","",IF(U19<=0,"OUT OF STOCK",IF(U19<=X19,"REORDER NOW",IF(U19<=X19*1.5,"LOW","OK")))) -> OUT OF STOCK | Z19: =MAX(0,'Item Master'!Q16-IF(V19<>"",V19,U19)) -> 200 | AB19: ='Item Master'!N16 -> Rack 3 – Photos, Frames & Fragile
... A66: 59 | B66: ='Item Master'!A63 -> YID | C66: ='Item Master'!B63 -> Yatri ID Card + Lanyard | D66: ='Item Master'!C63 -> Suggested New Items | E66: ='Item Master'!F63 -> Set | F66: =IF('Jun-2027'!V66<>"",'Jun-2027'!V66,'Jun-2027'!U66) -> 0 | O66: =N(J66)+N(N66) -> 0 | T66: =SUM(P66:S66) -> 0 | U66: =N(F66)+O66-T66 -> 0 | W66: =IF(V66="","",V66-U66) | X66: ='Item Master'!P63 -> 100 | Y66: =IF(B66="","",IF(U66<=0,"OUT OF STOCK",IF(U66<=X66,"REORDER NOW",IF(U66<=X66*1.5,"LOW","OK")))) -> OUT OF STOCK | Z66: =MAX(0,'Item Master'!Q63-IF(V66<>"",V66,U66)) -> 300 | AB66: ='Item Master'!N63 -> Rack 6 – Packing & Serving Material
C67: TOTAL (all items) | F67: =SUM(F8:F66) -> 195 | J67: =SUM(J8:J66) -> 0 | N67: =SUM(N8:N66) -> 0 | O67: =SUM(O8:O66) -> 0 | P67: =SUM(P8:P66) -> 0 | Q67: =SUM(Q8:Q66) -> 0 | R67: =SUM(R8:R66) -> 0 | S67: =SUM(S8:S66) -> 0 | T67: =SUM(T8:T66) -> 0 | U67: =SUM(U8:U66) -> 195 | V67: =SUM(V8:V66) -> 0 | Y67: =COUNTIF(Y8:Y66,"REORDER NOW")+COUNTIF(Y8:Y66,"OUT OF STOCK")&" to act" -> 59 to act | Z67: =SUM(Z8:Z66) -> 26995
A69: MONTHLY STOREROOM CHECKLIST (write Y / N and initials) | J69: Done? | K69: Initials
A70: 1 | B70: Physical count of every item done and entered in 'Physical Count'
A71: 2 | B71: All variances explained in Remarks
A72: 3 | B72: Leak test done for tilak / liquid batches packed this month
A73: 4 | B73: Best-before dates checked – items expiring within 30 days moved to front / issued first
A74: 5 | B74: FIFO followed – old stock in front, new stock behind
A75: 6 | B75: Racks cleaned; floor dry; no pests / termites / rodent signs
A76: 7 | B76: Edibles kept separate from fragrance items
A77: 8 | B77: Locked cabinet (coins, kavacha, perfume, pen drives) counted & tallied
A78: 9 | B78: QR audio links tested and working
A79: 10 | B79: Packing consumables (pouches, containers, labels) sufficient for next month
A80: 11 | B80: Upcoming festival / yatra demand checked with Yatra & Donor teams
A81: 12 | B81: Sheet signed by Storekeeper and verified by In-charge
B83: Storekeeper signature: ____________________ | I83: In-charge signature: ____________________ | R83: Date: ____________

Sheet Aug-2027
A1: Monthly Stock & Packing Register – Aug-2027
A2: Hare Krishna Movement, Hyderabad • Festivals / focus this month: Jhulan Yatra, Balarama Purnima, Sri Krishna Janmashtami – PEAK
A3: Month: | C3: Aug-2027 | G3: Storekeeper: | M3: Physical count date: | S3: Verified by (In-charge):
A4: Yellow = type here • Green = automatic • Opening stock = last month's physical count (or book closing if not counted)
A6: ITEM & OPENING | G6: PACKING BATCH 1 | K6: PACKING BATCH 2 | O6: IN | P6: OUT (ISSUED) | U6: CLOSING & CONTROL | AA6: STORAGE & NOTES
A7: S.No | B7: Item ID | C7: Item Name | D7: Category | E7: Unit | F7: Opening Stock | G7: Date Packed | H7: Date Stored | I7: Batch No. | J7: Qty Packed | K7: Date Packed | L7: Date Stored | M7: Batch No. | N7: Qty Packed | O7: Total Packed / Received | P7: Issued – Donors | Q7: Issued – Yatris | R7: Issued – Events / Other | S7: Damaged / Expired | T7: Total Issued & Out | U7: Closing Stock (Book) | V7: Physical Count (Month End) | W7: Variance (Physical – Book) | X7: Reorder Level | Y7: Stock Status | Z7: Qty to Pack / Order Next Month | AA7: Best Before / Expiry | AB7: Storage Location | AC7: Packed By | AD7: Remarks
A8: 1 | B8: ='Item Master'!A5 -> THR | C8: ='Item Master'!B5 -> Kalasha Thread (wrist thread) | D8: ='Item Master'!C5 -> Kalasha & Yagna Prasadam | E8: ='Item Master'!F5 -> Pouch | F8: =IF('Jul-2027'!V8<>"",'Jul-2027'!V8,'Jul-2027'!U8) -> 0 | O8: =N(J8)+N(N8) -> 0 | T8: =SUM(P8:S8) -> 0 | U8: =N(F8)+O8-T8 -> 0 | W8: =IF(V8="","",V8-U8) | X8: ='Item Master'!P5 -> 300 | Y8: =IF(B8="","",IF(U8<=0,"OUT OF STOCK",IF(U8<=X8,"REORDER NOW",IF(U8<=X8*1.5,"LOW","OK")))) -> OUT OF STOCK | Z8: =MAX(0,'Item Master'!Q5-IF(V8<>"",V8,U8)) -> 600 | AB8: ='Item Master'!N5 -> Rack 1 – Prasadam & Edibles
A9: 2 | B9: ='Item Master'!A6 -> TIL | C9: ='Item Master'!B6 -> Narasimha Yagna Tilak | D9: ='Item Master'!C6 -> Kalasha & Yagna Prasadam | E9: ='Item Master'!F6 -> Container | F9: =IF('Jul-2027'!V9<>"",'Jul-2027'!V9,'Jul-2027'!U9) -> 195 | O9: =N(J9)+N(N9) -> 0 | T9: =SUM(P9:S9) -> 0 | U9: =N(F9)+O9-T9 -> 195 | W9: =IF(V9="","",V9-U9) | X9: ='Item Master'!P6 -> 300 | Y9: =IF(B9="","",IF(U9<=0,"OUT OF STOCK",IF(U9<=X9,"REORDER NOW",IF(U9<=X9*1.5,"LOW","OK")))) -> REORDER NOW | Z9: =MAX(0,'Item Master'!Q6-IF(V9<>"",V9,U9)) -> 405 | AB9: ='Item Master'!N6 -> Rack 2 – Liquids & Oils (bottom shelf, in trays)
A10: 3 | B10: ='Item Master'!A7 -> KAV | C10: ='Item Master'!B7 -> Narasimha Kavacha (protective amulet / locket) | D10: ='Item Master'!C7 -> Protection & Mantra | E10: ='Item Master'!F7 -> Piece | F10: =IF('Jul-2027'!V10<>"",'Jul-2027'!V10,'Jul-2027'!U10) -> 0 | O10: =N(J10)+N(N10) -> 0 | T10: =SUM(P10:S10) -> 0 | U10: =N(F10)+O10-T10 -> 0 | W10: =IF(V10="","",V10-U10) | X10: ='Item Master'!P7 -> 100 | Y10: =IF(B10="","",IF(U10<=0,"OUT OF STOCK",IF(U10<=X10,"REORDER NOW",IF(U10<=X10*1.5,"LOW","OK")))) -> OUT OF STOCK | Z10: =MAX(0,'Item Master'!Q7-IF(V10<>"",V10,U10)) -> 200 | AB10: ='Item Master'!N7 -> Locked Cabinet – Valuables
A11: 4 | B11: ='Item Master'!A8 -> AKV | C11: ='Item Master'!B8 -> Audio – Narasimha Kavacha (QR card) | D11: ='Item Master'!C8 -> Audio / Digital | E11: ='Item Master'!F8 -> Card | F11: =IF('Jul-2027'!V11<>"",'Jul-2027'!V11,'Jul-2027'!U11) -> 0 | O11: =N(J11)+N(N11) -> 0 | T11: =SUM(P11:S11) -> 0 | U11: =N(F11)+O11-T11 -> 0 | W11: =IF(V11="","",V11-U11) | X11: ='Item Master'!P8 -> 200 | Y11: =IF(B11="","",IF(U11<=0,"OUT OF STOCK",IF(U11<=X11,"REORDER NOW",IF(U11<=X11*1.5,"LOW","OK")))) -> OUT OF STOCK | Z11: =MAX(0,'Item Master'!Q8-IF(V11<>"",V11,U11)) -> 500 | AB11: ='Item Master'!N8 -> Rack 4 – Books, Cards & Paper
A12: 5 | B12: ='Item Master'!A9 -> AKR | C12: ='Item Master'!B9 -> Audio – Narasimha Kirtan (QR card) | D12: ='Item Master'!C9 -> Audio / Digital | E12: ='Item Master'!F9 -> Card | F12: =IF('Jul-2027'!V12<>"",'Jul-2027'!V12,'Jul-2027'!U12) -> 0 | O12: =N(J12)+N(N12) -> 0 | T12: =SUM(P12:S12) -> 0 | U12: =N(F12)+O12-T12 -> 0 | W12: =IF(V12="","",V12-U12) | X12: ='Item Master'!P9 -> 200 | Y12: =IF(B12="","",IF(U12<=0,"OUT OF STOCK",IF(U12<=X12,"REORDER NOW",IF(U12<=X12*1.5,"LOW","OK")))) -> OUT OF STOCK | Z12: =MAX(0,'Item Master'!Q9-IF(V12<>"",V12,U12)) -> 500 | AB12: ='Item Master'!N9 -> Rack 4 – Books, Cards & Paper
A13: 6 | B13: ='Item Master'!A10 -> PFR | C13: ='Item Master'!B10 -> Narasimha Photo Frame | D13: ='Item Master'!C10 -> Deity Photos & Frames | E13: ='Item Master'!F10 -> Piece | F13: =IF('Jul-2027'!V13<>"",'Jul-2027'!V13,'Jul-2027'!U13) -> 0 | O13: =N(J13)+N(N13) -> 0 | T13: =SUM(P13:S13) -> 0 | U13: =N(F13)+O13-T13 -> 0 | W13: =IF(V13="","",V13-U13) | X13: ='Item Master'!P10 -> 25 | Y13: =IF(B13="","",IF(U13<=0,"OUT OF STOCK",IF(U13<=X13,"REORDER NOW",IF(U13<=X13*1.5,"LOW","OK")))) -> OUT OF STOCK | Z13: =MAX(0,'Item Master'!Q10-IF(V13<>"",V13,U13)) -> 50 | AB13: ='Item Master'!N10 -> Rack 3 – Photos, Frames & Fragile
A14: 7 | B14: ='Item Master'!A11 -> TTP | C14: ='Item Master'!B11 -> Narasimha Table Top (idol/stand) | D14: ='Item Master'!C11 -> Deity Photos & Frames | E14: ='Item Master'!F11 -> Piece | F14: =IF('Jul-2027'!V14<>"",'Jul-2027'!V14,'Jul-2027'!U14) -> 0 | O14: =N(J14)+N(N14) -> 0 | T14: =SUM(P14:S14) -> 0 | U14: =N(F14)+O14-T14 -> 0 | W14: =IF(V14="","",V14-U14) | X14: ='Item Master'!P11 -> 20 | Y14: =IF(B14="","",IF(U14<=0,"OUT OF STOCK",IF(U14<=X14,"REORDER NOW",IF(U14<=X14*1.5,"LOW","OK")))) -> OUT OF STOCK | Z14: =MAX(0,'Item Master'!Q11-IF(V14<>"",V14,U14)) -> 40 | AB14: ='Item Master'!N11 -> Rack 3 – Photos, Frames & Fragile
A15: 8 | B15: ='Item Master'!A12 -> STK | C15: ='Item Master'!B12 -> Narasimha Sticker | D15: ='Item Master'!C12 -> Protection & Mantra | E15: ='Item Master'!F12 -> Piece | F15: =IF('Jul-2027'!V15<>"",'Jul-2027'!V15,'Jul-2027'!U15) -> 0 | O15: =N(J15)+N(N15) -> 0 | T15: =SUM(P15:S15) -> 0 | U15: =N(F15)+O15-T15 -> 0 | W15: =IF(V15="","",V15-U15) | X15: ='Item Master'!P12 -> 300 | Y15: =IF(B15="","",IF(U15<=0,"OUT OF STOCK",IF(U15<=X15,"REORDER NOW",IF(U15<=X15*1.5,"LOW","OK")))) -> OUT OF STOCK | Z15: =MAX(0,'Item Master'!Q12-IF(V15<>"",V15,U15)) -> 600 | AB15: ='Item Master'!N12 -> Rack 4 – Books, Cards & Paper
A16: 9 | B16: ='Item Master'!A13 -> KPR | C16: ='Item Master'!B13 -> Narasimha Kavacha Print Out | D16: ='Item Master'!C13 -> Protection & Mantra | E16: ='Item Master'!F13 -> Sheet | F16: =IF('Jul-2027'!V16<>"",'Jul-2027'!V16,'Jul-2027'!U16) -> 0 | O16: =N(J16)+N(N16) -> 0 | T16: =SUM(P16:S16) -> 0 | U16: =N(F16)+O16-T16 -> 0 | W16: =IF(V16="","",V16-U16) | X16: ='Item Master'!P13 -> 200 | Y16: =IF(B16="","",IF(U16<=0,"OUT OF STOCK",IF(U16<=X16,"REORDER NOW",IF(U16<=X16*1.5,"LOW","OK")))) -> OUT OF STOCK | Z16: =MAX(0,'Item Master'!Q13-IF(V16<>"",V16,U16)) -> 400 | AB16: ='Item Master'!N13 -> Rack 4 – Books, Cards & Paper
A17: 10 | B17: ='Item Master'!A14 -> MBX | C17: ='Item Master'!B14 -> Mantra Box | D17: ='Item Master'!C14 -> Protection & Mantra | E17: ='Item Master'!F14 -> Box | F17: =IF('Jul-2027'!V17<>"",'Jul-2027'!V17,'Jul-2027'!U17) -> 0 | O17: =N(J17)+N(N17) -> 0 | T17: =SUM(P17:S17) -> 0 | U17: =N(F17)+O17-T17 -> 0 | W17: =IF(V17="","",V17-U17) | X17: ='Item Master'!P14 -> 50 | Y17: =IF(B17="","",IF(U17<=0,"OUT OF STOCK",IF(U17<=X17,"REORDER NOW",IF(U17<=X17*1.5,"LOW","OK")))) -> OUT OF STOCK | Z17: =MAX(0,'Item Master'!Q14-IF(V17<>"",V17,U17)) -> 100 | AB17: ='Item Master'!N14 -> Rack 4 – Books, Cards & Paper
A18: 11 | B18: ='Item Master'!A15 -> PRG | C18: ='Item Master'!B15 -> Radha Govinda Photo | D18: ='Item Master'!C15 -> Deity Photos & Frames | E18: ='Item Master'!F15 -> Piece | F18: =IF('Jul-2027'!V18<>"",'Jul-2027'!V18,'Jul-2027'!U18) -> 0 | O18: =N(J18)+N(N18) -> 0 | T18: =SUM(P18:S18) -> 0 | U18: =N(F18)+O18-T18 -> 0 | W18: =IF(V18="","",V18-U18) | X18: ='Item Master'!P15 -> 200 | Y18: =IF(B18="","",IF(U18<=0,"OUT OF STOCK",IF(U18<=X18,"REORDER NOW",IF(U18<=X18*1.5,"LOW","OK")))) -> OUT OF STOCK | Z18: =MAX(0,'Item Master'!Q15-IF(V18<>"",V18,U18)) -> 400 | AB18: ='Item Master'!N15 -> Rack 3 – Photos, Frames & Fragile
A19: 12 | B19: ='Item Master'!A16 -> PHN | C19: ='Item Master'!B16 -> Hanuman Photo | D19: ='Item Master'!C16 -> Deity Photos & Frames | E19: ='Item Master'!F16 -> Piece | F19: =IF('Jul-2027'!V19<>"",'Jul-2027'!V19,'Jul-2027'!U19) -> 0 | O19: =N(J19)+N(N19) -> 0 | T19: =SUM(P19:S19) -> 0 | U19: =N(F19)+O19-T19 -> 0 | W19: =IF(V19="","",V19-U19) | X19: ='Item Master'!P16 -> 100 | Y19: =IF(B19="","",IF(U19<=0,"OUT OF STOCK",IF(U19<=X19,"REORDER NOW",IF(U19<=X19*1.5,"LOW","OK")))) -> OUT OF STOCK | Z19: =MAX(0,'Item Master'!Q16-IF(V19<>"",V19,U19)) -> 200 | AB19: ='Item Master'!N16 -> Rack 3 – Photos, Frames & Fragile
... A66: 59 | B66: ='Item Master'!A63 -> YID | C66: ='Item Master'!B63 -> Yatri ID Card + Lanyard | D66: ='Item Master'!C63 -> Suggested New Items | E66: ='Item Master'!F63 -> Set | F66: =IF('Jul-2027'!V66<>"",'Jul-2027'!V66,'Jul-2027'!U66) -> 0 | O66: =N(J66)+N(N66) -> 0 | T66: =SUM(P66:S66) -> 0 | U66: =N(F66)+O66-T66 -> 0 | W66: =IF(V66="","",V66-U66) | X66: ='Item Master'!P63 -> 100 | Y66: =IF(B66="","",IF(U66<=0,"OUT OF STOCK",IF(U66<=X66,"REORDER NOW",IF(U66<=X66*1.5,"LOW","OK")))) -> OUT OF STOCK | Z66: =MAX(0,'Item Master'!Q63-IF(V66<>"",V66,U66)) -> 300 | AB66: ='Item Master'!N63 -> Rack 6 – Packing & Serving Material
C67: TOTAL (all items) | F67: =SUM(F8:F66) -> 195 | J67: =SUM(J8:J66) -> 0 | N67: =SUM(N8:N66) -> 0 | O67: =SUM(O8:O66) -> 0 | P67: =SUM(P8:P66) -> 0 | Q67: =SUM(Q8:Q66) -> 0 | R67: =SUM(R8:R66) -> 0 | S67: =SUM(S8:S66) -> 0 | T67: =SUM(T8:T66) -> 0 | U67: =SUM(U8:U66) -> 195 | V67: =SUM(V8:V66) -> 0 | Y67: =COUNTIF(Y8:Y66,"REORDER NOW")+COUNTIF(Y8:Y66,"OUT OF STOCK")&" to act" -> 59 to act | Z67: =SUM(Z8:Z66) -> 26995
A69: MONTHLY STOREROOM CHECKLIST (write Y / N and initials) | J69: Done? | K69: Initials
A70: 1 | B70: Physical count of every item done and entered in 'Physical Count'
A71: 2 | B71: All variances explained in Remarks
A72: 3 | B72: Leak test done for tilak / liquid batches packed this month
A73: 4 | B73: Best-before dates checked – items expiring within 30 days moved to front / issued first
A74: 5 | B74: FIFO followed – old stock in front, new stock behind
A75: 6 | B75: Racks cleaned; floor dry; no pests / termites / rodent signs
A76: 7 | B76: Edibles kept separate from fragrance items
A77: 8 | B77: Locked cabinet (coins, kavacha, perfume, pen drives) counted & tallied
A78: 9 | B78: QR audio links tested and working
A79: 10 | B79: Packing consumables (pouches, containers, labels) sufficient for next month
A80: 11 | B80: Upcoming festival / yatra demand checked with Yatra & Donor teams
A81: 12 | B81: Sheet signed by Storekeeper and verified by In-charge
B83: Storekeeper signature: ____________________ | I83: In-charge signature: ____________________ | R83: Date: ____________

Sheet Sep-2027
A1: Monthly Stock & Packing Register – Sep-2027
A2: Hare Krishna Movement, Hyderabad • Festivals / focus this month: Radhashtami
A3: Month: | C3: Sep-2027 | G3: Storekeeper: | M3: Physical count date: | S3: Verified by (In-charge):
A4: Yellow = type here • Green = automatic • Opening stock = last month's physical count (or book closing if not counted)
A6: ITEM & OPENING | G6: PACKING BATCH 1 | K6: PACKING BATCH 2 | O6: IN | P6: OUT (ISSUED) | U6: CLOSING & CONTROL | AA6: STORAGE & NOTES
A7: S.No | B7: Item ID | C7: Item Name | D7: Category | E7: Unit | F7: Opening Stock | G7: Date Packed | H7: Date Stored | I7: Batch No. | J7: Qty Packed | K7: Date Packed | L7: Date Stored | M7: Batch No. | N7: Qty Packed | O7: Total Packed / Received | P7: Issued – Donors | Q7: Issued – Yatris | R7: Issued – Events / Other | S7: Damaged / Expired | T7: Total Issued & Out | U7: Closing Stock (Book) | V7: Physical Count (Month End) | W7: Variance (Physical – Book) | X7: Reorder Level | Y7: Stock Status | Z7: Qty to Pack / Order Next Month | AA7: Best Before / Expiry | AB7: Storage Location | AC7: Packed By | AD7: Remarks
A8: 1 | B8: ='Item Master'!A5 -> THR | C8: ='Item Master'!B5 -> Kalasha Thread (wrist thread) | D8: ='Item Master'!C5 -> Kalasha & Yagna Prasadam | E8: ='Item Master'!F5 -> Pouch | F8: =IF('Aug-2027'!V8<>"",'Aug-2027'!V8,'Aug-2027'!U8) -> 0 | O8: =N(J8)+N(N8) -> 0 | T8: =SUM(P8:S8) -> 0 | U8: =N(F8)+O8-T8 -> 0 | W8: =IF(V8="","",V8-U8) | X8: ='Item Master'!P5 -> 300 | Y8: =IF(B8="","",IF(U8<=0,"OUT OF STOCK",IF(U8<=X8,"REORDER NOW",IF(U8<=X8*1.5,"LOW","OK")))) -> OUT OF STOCK | Z8: =MAX(0,'Item Master'!Q5-IF(V8<>"",V8,U8)) -> 600 | AB8: ='Item Master'!N5 -> Rack 1 – Prasadam & Edibles
A9: 2 | B9: ='Item Master'!A6 -> TIL | C9: ='Item Master'!B6 -> Narasimha Yagna Tilak | D9: ='Item Master'!C6 -> Kalasha & Yagna Prasadam | E9: ='Item Master'!F6 -> Container | F9: =IF('Aug-2027'!V9<>"",'Aug-2027'!V9,'Aug-2027'!U9) -> 195 | O9: =N(J9)+N(N9) -> 0 | T9: =SUM(P9:S9) -> 0 | U9: =N(F9)+O9-T9 -> 195 | W9: =IF(V9="","",V9-U9) | X9: ='Item Master'!P6 -> 300 | Y9: =IF(B9="","",IF(U9<=0,"OUT OF STOCK",IF(U9<=X9,"REORDER NOW",IF(U9<=X9*1.5,"LOW","OK")))) -> REORDER NOW | Z9: =MAX(0,'Item Master'!Q6-IF(V9<>"",V9,U9)) -> 405 | AB9: ='Item Master'!N6 -> Rack 2 – Liquids & Oils (bottom shelf, in trays)
A10: 3 | B10: ='Item Master'!A7 -> KAV | C10: ='Item Master'!B7 -> Narasimha Kavacha (protective amulet / locket) | D10: ='Item Master'!C7 -> Protection & Mantra | E10: ='Item Master'!F7 -> Piece | F10: =IF('Aug-2027'!V10<>"",'Aug-2027'!V10,'Aug-2027'!U10) -> 0 | O10: =N(J10)+N(N10) -> 0 | T10: =SUM(P10:S10) -> 0 | U10: =N(F10)+O10-T10 -> 0 | W10: =IF(V10="","",V10-U10) | X10: ='Item Master'!P7 -> 100 | Y10: =IF(B10="","",IF(U10<=0,"OUT OF STOCK",IF(U10<=X10,"REORDER NOW",IF(U10<=X10*1.5,"LOW","OK")))) -> OUT OF STOCK | Z10: =MAX(0,'Item Master'!Q7-IF(V10<>"",V10,U10)) -> 200 | AB10: ='Item Master'!N7 -> Locked Cabinet – Valuables
A11: 4 | B11: ='Item Master'!A8 -> AKV | C11: ='Item Master'!B8 -> Audio – Narasimha Kavacha (QR card) | D11: ='Item Master'!C8 -> Audio / Digital | E11: ='Item Master'!F8 -> Card | F11: =IF('Aug-2027'!V11<>"",'Aug-2027'!V11,'Aug-2027'!U11) -> 0 | O11: =N(J11)+N(N11) -> 0 | T11: =SUM(P11:S11) -> 0 | U11: =N(F11)+O11-T11 -> 0 | W11: =IF(V11="","",V11-U11) | X11: ='Item Master'!P8 -> 200 | Y11: =IF(B11="","",IF(U11<=0,"OUT OF STOCK",IF(U11<=X11,"REORDER NOW",IF(U11<=X11*1.5,"LOW","OK")))) -> OUT OF STOCK | Z11: =MAX(0,'Item Master'!Q8-IF(V11<>"",V11,U11)) -> 500 | AB11: ='Item Master'!N8 -> Rack 4 – Books, Cards & Paper
A12: 5 | B12: ='Item Master'!A9 -> AKR | C12: ='Item Master'!B9 -> Audio – Narasimha Kirtan (QR card) | D12: ='Item Master'!C9 -> Audio / Digital | E12: ='Item Master'!F9 -> Card | F12: =IF('Aug-2027'!V12<>"",'Aug-2027'!V12,'Aug-2027'!U12) -> 0 | O12: =N(J12)+N(N12) -> 0 | T12: =SUM(P12:S12) -> 0 | U12: =N(F12)+O12-T12 -> 0 | W12: =IF(V12="","",V12-U12) | X12: ='Item Master'!P9 -> 200 | Y12: =IF(B12="","",IF(U12<=0,"OUT OF STOCK",IF(U12<=X12,"REORDER NOW",IF(U12<=X12*1.5,"LOW","OK")))) -> OUT OF STOCK | Z12: =MAX(0,'Item Master'!Q9-IF(V12<>"",V12,U12)) -> 500 | AB12: ='Item Master'!N9 -> Rack 4 – Books, Cards & Paper
A13: 6 | B13: ='Item Master'!A10 -> PFR | C13: ='Item Master'!B10 -> Narasimha Photo Frame | D13: ='Item Master'!C10 -> Deity Photos & Frames | E13: ='Item Master'!F10 -> Piece | F13: =IF('Aug-2027'!V13<>"",'Aug-2027'!V13,'Aug-2027'!U13) -> 0 | O13: =N(J13)+N(N13) -> 0 | T13: =SUM(P13:S13) -> 0 | U13: =N(F13)+O13-T13 -> 0 | W13: =IF(V13="","",V13-U13) | X13: ='Item Master'!P10 -> 25 | Y13: =IF(B13="","",IF(U13<=0,"OUT OF STOCK",IF(U13<=X13,"REORDER NOW",IF(U13<=X13*1.5,"LOW","OK")))) -> OUT OF STOCK | Z13: =MAX(0,'Item Master'!Q10-IF(V13<>"",V13,U13)) -> 50 | AB13: ='Item Master'!N10 -> Rack 3 – Photos, Frames & Fragile
A14: 7 | B14: ='Item Master'!A11 -> TTP | C14: ='Item Master'!B11 -> Narasimha Table Top (idol/stand) | D14: ='Item Master'!C11 -> Deity Photos & Frames | E14: ='Item Master'!F11 -> Piece | F14: =IF('Aug-2027'!V14<>"",'Aug-2027'!V14,'Aug-2027'!U14) -> 0 | O14: =N(J14)+N(N14) -> 0 | T14: =SUM(P14:S14) -> 0 | U14: =N(F14)+O14-T14 -> 0 | W14: =IF(V14="","",V14-U14) | X14: ='Item Master'!P11 -> 20 | Y14: =IF(B14="","",IF(U14<=0,"OUT OF STOCK",IF(U14<=X14,"REORDER NOW",IF(U14<=X14*1.5,"LOW","OK")))) -> OUT OF STOCK | Z14: =MAX(0,'Item Master'!Q11-IF(V14<>"",V14,U14)) -> 40 | AB14: ='Item Master'!N11 -> Rack 3 – Photos, Frames & Fragile
A15: 8 | B15: ='Item Master'!A12 -> STK | C15: ='Item Master'!B12 -> Narasimha Sticker | D15: ='Item Master'!C12 -> Protection & Mantra | E15: ='Item Master'!F12 -> Piece | F15: =IF('Aug-2027'!V15<>"",'Aug-2027'!V15,'Aug-2027'!U15) -> 0 | O15: =N(J15)+N(N15) -> 0 | T15: =SUM(P15:S15) -> 0 | U15: =N(F15)+O15-T15 -> 0 | W15: =IF(V15="","",V15-U15) | X15: ='Item Master'!P12 -> 300 | Y15: =IF(B15="","",IF(U15<=0,"OUT OF STOCK",IF(U15<=X15,"REORDER NOW",IF(U15<=X15*1.5,"LOW","OK")))) -> OUT OF STOCK | Z15: =MAX(0,'Item Master'!Q12-IF(V15<>"",V15,U15)) -> 600 | AB15: ='Item Master'!N12 -> Rack 4 – Books, Cards & Paper
A16: 9 | B16: ='Item Master'!A13 -> KPR | C16: ='Item Master'!B13 -> Narasimha Kavacha Print Out | D16: ='Item Master'!C13 -> Protection & Mantra | E16: ='Item Master'!F13 -> Sheet | F16: =IF('Aug-2027'!V16<>"",'Aug-2027'!V16,'Aug-2027'!U16) -> 0 | O16: =N(J16)+N(N16) -> 0 | T16: =SUM(P16:S16) -> 0 | U16: =N(F16)+O16-T16 -> 0 | W16: =IF(V16="","",V16-U16) | X16: ='Item Master'!P13 -> 200 | Y16: =IF(B16="","",IF(U16<=0,"OUT OF STOCK",IF(U16<=X16,"REORDER NOW",IF(U16<=X16*1.5,"LOW","OK")))) -> OUT OF STOCK | Z16: =MAX(0,'Item Master'!Q13-IF(V16<>"",V16,U16)) -> 400 | AB16: ='Item Master'!N13 -> Rack 4 – Books, Cards & Paper
A17: 10 | B17: ='Item Master'!A14 -> MBX | C17: ='Item Master'!B14 -> Mantra Box | D17: ='Item Master'!C14 -> Protection & Mantra | E17: ='Item Master'!F14 -> Box | F17: =IF('Aug-2027'!V17<>"",'Aug-2027'!V17,'Aug-2027'!U17) -> 0 | O17: =N(J17)+N(N17) -> 0 | T17: =SUM(P17:S17) -> 0 | U17: =N(F17)+O17-T17 -> 0 | W17: =IF(V17="","",V17-U17) | X17: ='Item Master'!P14 -> 50 | Y17: =IF(B17="","",IF(U17<=0,"OUT OF STOCK",IF(U17<=X17,"REORDER NOW",IF(U17<=X17*1.5,"LOW","OK")))) -> OUT OF STOCK | Z17: =MAX(0,'Item Master'!Q14-IF(V17<>"",V17,U17)) -> 100 | AB17: ='Item Master'!N14 -> Rack 4 – Books, Cards & Paper
A18: 11 | B18: ='Item Master'!A15 -> PRG | C18: ='Item Master'!B15 -> Radha Govinda Photo | D18: ='Item Master'!C15 -> Deity Photos & Frames | E18: ='Item Master'!F15 -> Piece | F18: =IF('Aug-2027'!V18<>"",'Aug-2027'!V18,'Aug-2027'!U18) -> 0 | O18: =N(J18)+N(N18) -> 0 | T18: =SUM(P18:S18) -> 0 | U18: =N(F18)+O18-T18 -> 0 | W18: =IF(V18="","",V18-U18) | X18: ='Item Master'!P15 -> 200 | Y18: =IF(B18="","",IF(U18<=0,"OUT OF STOCK",IF(U18<=X18,"REORDER NOW",IF(U18<=X18*1.5,"LOW","OK")))) -> OUT OF STOCK | Z18: =MAX(0,'Item Master'!Q15-IF(V18<>"",V18,U18)) -> 400 | AB18: ='Item Master'!N15 -> Rack 3 – Photos, Frames & Fragile
A19: 12 | B19: ='Item Master'!A16 -> PHN | C19: ='Item Master'!B16 -> Hanuman Photo | D19: ='Item Master'!C16 -> Deity Photos & Frames | E19: ='Item Master'!F16 -> Piece | F19: =IF('Aug-2027'!V19<>"",'Aug-2027'!V19,'Aug-2027'!U19) -> 0 | O19: =N(J19)+N(N19) -> 0 | T19: =SUM(P19:S19) -> 0 | U19: =N(F19)+O19-T19 -> 0 | W19: =IF(V19="","",V19-U19) | X19: ='Item Master'!P16 -> 100 | Y19: =IF(B19="","",IF(U19<=0,"OUT OF STOCK",IF(U19<=X19,"REORDER NOW",IF(U19<=X19*1.5,"LOW","OK")))) -> OUT OF STOCK | Z19: =MAX(0,'Item Master'!Q16-IF(V19<>"",V19,U19)) -> 200 | AB19: ='Item Master'!N16 -> Rack 3 – Photos, Frames & Fragile
... A66: 59 | B66: ='Item Master'!A63 -> YID | C66: ='Item Master'!B63 -> Yatri ID Card + Lanyard | D66: ='Item Master'!C63 -> Suggested New Items | E66: ='Item Master'!F63 -> Set | F66: =IF('Aug-2027'!V66<>"",'Aug-2027'!V66,'Aug-2027'!U66) -> 0 | O66: =N(J66)+N(N66) -> 0 | T66: =SUM(P66:S66) -> 0 | U66: =N(F66)+O66-T66 -> 0 | W66: =IF(V66="","",V66-U66) | X66: ='Item Master'!P63 -> 100 | Y66: =IF(B66="","",IF(U66<=0,"OUT OF STOCK",IF(U66<=X66,"REORDER NOW",IF(U66<=X66*1.5,"LOW","OK")))) -> OUT OF STOCK | Z66: =MAX(0,'Item Master'!Q63-IF(V66<>"",V66,U66)) -> 300 | AB66: ='Item Master'!N63 -> Rack 6 – Packing & Serving Material
C67: TOTAL (all items) | F67: =SUM(F8:F66) -> 195 | J67: =SUM(J8:J66) -> 0 | N67: =SUM(N8:N66) -> 0 | O67: =SUM(O8:O66) -> 0 | P67: =SUM(P8:P66) -> 0 | Q67: =SUM(Q8:Q66) -> 0 | R67: =SUM(R8:R66) -> 0 | S67: =SUM(S8:S66) -> 0 | T67: =SUM(T8:T66) -> 0 | U67: =SUM(U8:U66) -> 195 | V67: =SUM(V8:V66) -> 0 | Y67: =COUNTIF(Y8:Y66,"REORDER NOW")+COUNTIF(Y8:Y66,"OUT OF STOCK")&" to act" -> 59 to act | Z67: =SUM(Z8:Z66) -> 26995
A69: MONTHLY STOREROOM CHECKLIST (write Y / N and initials) | J69: Done? | K69: Initials
A70: 1 | B70: Physical count of every item done and entered in 'Physical Count'
A71: 2 | B71: All variances explained in Remarks
A72: 3 | B72: Leak test done for tilak / liquid batches packed this month
A73: 4 | B73: Best-before dates checked – items expiring within 30 days moved to front / issued first
A74: 5 | B74: FIFO followed – old stock in front, new stock behind
A75: 6 | B75: Racks cleaned; floor dry; no pests / termites / rodent signs
A76: 7 | B76: Edibles kept separate from fragrance items
A77: 8 | B77: Locked cabinet (coins, kavacha, perfume, pen drives) counted & tallied
A78: 9 | B78: QR audio links tested and working
A79: 10 | B79: Packing consumables (pouches, containers, labels) sufficient for next month
A80: 11 | B80: Upcoming festival / yatra demand checked with Yatra & Donor teams
A81: 12 | B81: Sheet signed by Storekeeper and verified by In-charge
B83: Storekeeper signature: ____________________ | I83: In-charge signature: ____________________ | R83: Date: ____________

Sheet Oct-2027
A1: Monthly Stock & Packing Register – Oct-2027
A2: Hare Krishna Movement, Hyderabad • Festivals / focus this month: Navaratri / Dussehra, Diwali & Govardhan prep
A3: Month: | C3: Oct-2027 | G3: Storekeeper: | M3: Physical count date: | S3: Verified by (In-charge):
A4: Yellow = type here • Green = automatic • Opening stock = last month's physical count (or book closing if not counted)
A6: ITEM & OPENING | G6: PACKING BATCH 1 | K6: PACKING BATCH 2 | O6: IN | P6: OUT (ISSUED) | U6: CLOSING & CONTROL | AA6: STORAGE & NOTES
A7: S.No | B7: Item ID | C7: Item Name | D7: Category | E7: Unit | F7: Opening Stock | G7: Date Packed | H7: Date Stored | I7: Batch No. | J7: Qty Packed | K7: Date Packed | L7: Date Stored | M7: Batch No. | N7: Qty Packed | O7: Total Packed / Received | P7: Issued – Donors | Q7: Issued – Yatris | R7: Issued – Events / Other | S7: Damaged / Expired | T7: Total Issued & Out | U7: Closing Stock (Book) | V7: Physical Count (Month End) | W7: Variance (Physical – Book) | X7: Reorder Level | Y7: Stock Status | Z7: Qty to Pack / Order Next Month | AA7: Best Before / Expiry | AB7: Storage Location | AC7: Packed By | AD7: Remarks
A8: 1 | B8: ='Item Master'!A5 -> THR | C8: ='Item Master'!B5 -> Kalasha Thread (wrist thread) | D8: ='Item Master'!C5 -> Kalasha & Yagna Prasadam | E8: ='Item Master'!F5 -> Pouch | F8: =IF('Sep-2027'!V8<>"",'Sep-2027'!V8,'Sep-2027'!U8) -> 0 | O8: =N(J8)+N(N8) -> 0 | T8: =SUM(P8:S8) -> 0 | U8: =N(F8)+O8-T8 -> 0 | W8: =IF(V8="","",V8-U8) | X8: ='Item Master'!P5 -> 300 | Y8: =IF(B8="","",IF(U8<=0,"OUT OF STOCK",IF(U8<=X8,"REORDER NOW",IF(U8<=X8*1.5,"LOW","OK")))) -> OUT OF STOCK | Z8: =MAX(0,'Item Master'!Q5-IF(V8<>"",V8,U8)) -> 600 | AB8: ='Item Master'!N5 -> Rack 1 – Prasadam & Edibles
A9: 2 | B9: ='Item Master'!A6 -> TIL | C9: ='Item Master'!B6 -> Narasimha Yagna Tilak | D9: ='Item Master'!C6 -> Kalasha & Yagna Prasadam | E9: ='Item Master'!F6 -> Container | F9: =IF('Sep-2027'!V9<>"",'Sep-2027'!V9,'Sep-2027'!U9) -> 195 | O9: =N(J9)+N(N9) -> 0 | T9: =SUM(P9:S9) -> 0 | U9: =N(F9)+O9-T9 -> 195 | W9: =IF(V9="","",V9-U9) | X9: ='Item Master'!P6 -> 300 | Y9: =IF(B9="","",IF(U9<=0,"OUT OF STOCK",IF(U9<=X9,"REORDER NOW",IF(U9<=X9*1.5,"LOW","OK")))) -> REORDER NOW | Z9: =MAX(0,'Item Master'!Q6-IF(V9<>"",V9,U9)) -> 405 | AB9: ='Item Master'!N6 -> Rack 2 – Liquids & Oils (bottom shelf, in trays)
A10: 3 | B10: ='Item Master'!A7 -> KAV | C10: ='Item Master'!B7 -> Narasimha Kavacha (protective amulet / locket) | D10: ='Item Master'!C7 -> Protection & Mantra | E10: ='Item Master'!F7 -> Piece | F10: =IF('Sep-2027'!V10<>"",'Sep-2027'!V10,'Sep-2027'!U10) -> 0 | O10: =N(J10)+N(N10) -> 0 | T10: =SUM(P10:S10) -> 0 | U10: =N(F10)+O10-T10 -> 0 | W10: =IF(V10="","",V10-U10) | X10: ='Item Master'!P7 -> 100 | Y10: =IF(B10="","",IF(U10<=0,"OUT OF STOCK",IF(U10<=X10,"REORDER NOW",IF(U10<=X10*1.5,"LOW","OK")))) -> OUT OF STOCK | Z10: =MAX(0,'Item Master'!Q7-IF(V10<>"",V10,U10)) -> 200 | AB10: ='Item Master'!N7 -> Locked Cabinet – Valuables
A11: 4 | B11: ='Item Master'!A8 -> AKV | C11: ='Item Master'!B8 -> Audio – Narasimha Kavacha (QR card) | D11: ='Item Master'!C8 -> Audio / Digital | E11: ='Item Master'!F8 -> Card | F11: =IF('Sep-2027'!V11<>"",'Sep-2027'!V11,'Sep-2027'!U11) -> 0 | O11: =N(J11)+N(N11) -> 0 | T11: =SUM(P11:S11) -> 0 | U11: =N(F11)+O11-T11 -> 0 | W11: =IF(V11="","",V11-U11) | X11: ='Item Master'!P8 -> 200 | Y11: =IF(B11="","",IF(U11<=0,"OUT OF STOCK",IF(U11<=X11,"REORDER NOW",IF(U11<=X11*1.5,"LOW","OK")))) -> OUT OF STOCK | Z11: =MAX(0,'Item Master'!Q8-IF(V11<>"",V11,U11)) -> 500 | AB11: ='Item Master'!N8 -> Rack 4 – Books, Cards & Paper
A12: 5 | B12: ='Item Master'!A9 -> AKR | C12: ='Item Master'!B9 -> Audio – Narasimha Kirtan (QR card) | D12: ='Item Master'!C9 -> Audio / Digital | E12: ='Item Master'!F9 -> Card | F12: =IF('Sep-2027'!V12<>"",'Sep-2027'!V12,'Sep-2027'!U12) -> 0 | O12: =N(J12)+N(N12) -> 0 | T12: =SUM(P12:S12) -> 0 | U12: =N(F12)+O12-T12 -> 0 | W12: =IF(V12="","",V12-U12) | X12: ='Item Master'!P9 -> 200 | Y12: =IF(B12="","",IF(U12<=0,"OUT OF STOCK",IF(U12<=X12,"REORDER NOW",IF(U12<=X12*1.5,"LOW","OK")))) -> OUT OF STOCK | Z12: =MAX(0,'Item Master'!Q9-IF(V12<>"",V12,U12)) -> 500 | AB12: ='Item Master'!N9 -> Rack 4 – Books, Cards & Paper
A13: 6 | B13: ='Item Master'!A10 -> PFR | C13: ='Item Master'!B10 -> Narasimha Photo Frame | D13: ='Item Master'!C10 -> Deity Photos & Frames | E13: ='Item Master'!F10 -> Piece | F13: =IF('Sep-2027'!V13<>"",'Sep-2027'!V13,'Sep-2027'!U13) -> 0 | O13: =N(J13)+N(N13) -> 0 | T13: =SUM(P13:S13) -> 0 | U13: =N(F13)+O13-T13 -> 0 | W13: =IF(V13="","",V13-U13) | X13: ='Item Master'!P10 -> 25 | Y13: =IF(B13="","",IF(U13<=0,"OUT OF STOCK",IF(U13<=X13,"REORDER NOW",IF(U13<=X13*1.5,"LOW","OK")))) -> OUT OF STOCK | Z13: =MAX(0,'Item Master'!Q10-IF(V13<>"",V13,U13)) -> 50 | AB13: ='Item Master'!N10 -> Rack 3 – Photos, Frames & Fragile
A14: 7 | B14: ='Item Master'!A11 -> TTP | C14: ='Item Master'!B11 -> Narasimha Table Top (idol/stand) | D14: ='Item Master'!C11 -> Deity Photos & Frames | E14: ='Item Master'!F11 -> Piece | F14: =IF('Sep-2027'!V14<>"",'Sep-2027'!V14,'Sep-2027'!U14) -> 0 | O14: =N(J14)+N(N14) -> 0 | T14: =SUM(P14:S14) -> 0 | U14: =N(F14)+O14-T14 -> 0 | W14: =IF(V14="","",V14-U14) | X14: ='Item Master'!P11 -> 20 | Y14: =IF(B14="","",IF(U14<=0,"OUT OF STOCK",IF(U14<=X14,"REORDER NOW",IF(U14<=X14*1.5,"LOW","OK")))) -> OUT OF STOCK | Z14: =MAX(0,'Item Master'!Q11-IF(V14<>"",V14,U14)) -> 40 | AB14: ='Item Master'!N11 -> Rack 3 – Photos, Frames & Fragile
A15: 8 | B15: ='Item Master'!A12 -> STK | C15: ='Item Master'!B12 -> Narasimha Sticker | D15: ='Item Master'!C12 -> Protection & Mantra | E15: ='Item Master'!F12 -> Piece | F15: =IF('Sep-2027'!V15<>"",'Sep-2027'!V15,'Sep-2027'!U15) -> 0 | O15: =N(J15)+N(N15) -> 0 | T15: =SUM(P15:S15) -> 0 | U15: =N(F15)+O15-T15 -> 0 | W15: =IF(V15="","",V15-U15) | X15: ='Item Master'!P12 -> 300 | Y15: =IF(B15="","",IF(U15<=0,"OUT OF STOCK",IF(U15<=X15,"REORDER NOW",IF(U15<=X15*1.5,"LOW","OK")))) -> OUT OF STOCK | Z15: =MAX(0,'Item Master'!Q12-IF(V15<>"",V15,U15)) -> 600 | AB15: ='Item Master'!N12 -> Rack 4 – Books, Cards & Paper
A16: 9 | B16: ='Item Master'!A13 -> KPR | C16: ='Item Master'!B13 -> Narasimha Kavacha Print Out | D16: ='Item Master'!C13 -> Protection & Mantra | E16: ='Item Master'!F13 -> Sheet | F16: =IF('Sep-2027'!V16<>"",'Sep-2027'!V16,'Sep-2027'!U16) -> 0 | O16: =N(J16)+N(N16) -> 0 | T16: =SUM(P16:S16) -> 0 | U16: =N(F16)+O16-T16 -> 0 | W16: =IF(V16="","",V16-U16) | X16: ='Item Master'!P13 -> 200 | Y16: =IF(B16="","",IF(U16<=0,"OUT OF STOCK",IF(U16<=X16,"REORDER NOW",IF(U16<=X16*1.5,"LOW","OK")))) -> OUT OF STOCK | Z16: =MAX(0,'Item Master'!Q13-IF(V16<>"",V16,U16)) -> 400 | AB16: ='Item Master'!N13 -> Rack 4 – Books, Cards & Paper
A17: 10 | B17: ='Item Master'!A14 -> MBX | C17: ='Item Master'!B14 -> Mantra Box | D17: ='Item Master'!C14 -> Protection & Mantra | E17: ='Item Master'!F14 -> Box | F17: =IF('Sep-2027'!V17<>"",'Sep-2027'!V17,'Sep-2027'!U17) -> 0 | O17: =N(J17)+N(N17) -> 0 | T17: =SUM(P17:S17) -> 0 | U17: =N(F17)+O17-T17 -> 0 | W17: =IF(V17="","",V17-U17) | X17: ='Item Master'!P14 -> 50 | Y17: =IF(B17="","",IF(U17<=0,"OUT OF STOCK",IF(U17<=X17,"REORDER NOW",IF(U17<=X17*1.5,"LOW","OK")))) -> OUT OF STOCK | Z17: =MAX(0,'Item Master'!Q14-IF(V17<>"",V17,U17)) -> 100 | AB17: ='Item Master'!N14 -> Rack 4 – Books, Cards & Paper
A18: 11 | B18: ='Item Master'!A15 -> PRG | C18: ='Item Master'!B15 -> Radha Govinda Photo | D18: ='Item Master'!C15 -> Deity Photos & Frames | E18: ='Item Master'!F15 -> Piece | F18: =IF('Sep-2027'!V18<>"",'Sep-2027'!V18,'Sep-2027'!U18) -> 0 | O18: =N(J18)+N(N18) -> 0 | T18: =SUM(P18:S18) -> 0 | U18: =N(F18)+O18-T18 -> 0 | W18: =IF(V18="","",V18-U18) | X18: ='Item Master'!P15 -> 200 | Y18: =IF(B18="","",IF(U18<=0,"OUT OF STOCK",IF(U18<=X18,"REORDER NOW",IF(U18<=X18*1.5,"LOW","OK")))) -> OUT OF STOCK | Z18: =MAX(0,'Item Master'!Q15-IF(V18<>"",V18,U18)) -> 400 | AB18: ='Item Master'!N15 -> Rack 3 – Photos, Frames & Fragile
A19: 12 | B19: ='Item Master'!A16 -> PHN | C19: ='Item Master'!B16 -> Hanuman Photo | D19: ='Item Master'!C16 -> Deity Photos & Frames | E19: ='Item Master'!F16 -> Piece | F19: =IF('Sep-2027'!V19<>"",'Sep-2027'!V19,'Sep-2027'!U19) -> 0 | O19: =N(J19)+N(N19) -> 0 | T19: =SUM(P19:S19) -> 0 | U19: =N(F19)+O19-T19 -> 0 | W19: =IF(V19="","",V19-U19) | X19: ='Item Master'!P16 -> 100 | Y19: =IF(B19="","",IF(U19<=0,"OUT OF STOCK",IF(U19<=X19,"REORDER NOW",IF(U19<=X19*1.5,"LOW","OK")))) -> OUT OF STOCK | Z19: =MAX(0,'Item Master'!Q16-IF(V19<>"",V19,U19)) -> 200 | AB19: ='Item Master'!N16 -> Rack 3 – Photos, Frames & Fragile
... A66: 59 | B66: ='Item Master'!A63 -> YID | C66: ='Item Master'!B63 -> Yatri ID Card + Lanyard | D66: ='Item Master'!C63 -> Suggested New Items | E66: ='Item Master'!F63 -> Set | F66: =IF('Sep-2027'!V66<>"",'Sep-2027'!V66,'Sep-2027'!U66) -> 0 | O66: =N(J66)+N(N66) -> 0 | T66: =SUM(P66:S66) -> 0 | U66: =N(F66)+O66-T66 -> 0 | W66: =IF(V66="","",V66-U66) | X66: ='Item Master'!P63 -> 100 | Y66: =IF(B66="","",IF(U66<=0,"OUT OF STOCK",IF(U66<=X66,"REORDER NOW",IF(U66<=X66*1.5,"LOW","OK")))) -> OUT OF STOCK | Z66: =MAX(0,'Item Master'!Q63-IF(V66<>"",V66,U66)) -> 300 | AB66: ='Item Master'!N63 -> Rack 6 – Packing & Serving Material
C67: TOTAL (all items) | F67: =SUM(F8:F66) -> 195 | J67: =SUM(J8:J66) -> 0 | N67: =SUM(N8:N66) -> 0 | O67: =SUM(O8:O66) -> 0 | P67: =SUM(P8:P66) -> 0 | Q67: =SUM(Q8:Q66) -> 0 | R67: =SUM(R8:R66) -> 0 | S67: =SUM(S8:S66) -> 0 | T67: =SUM(T8:T66) -> 0 | U67: =SUM(U8:U66) -> 195 | V67: =SUM(V8:V66) -> 0 | Y67: =COUNTIF(Y8:Y66,"REORDER NOW")+COUNTIF(Y8:Y66,"OUT OF STOCK")&" to act" -> 59 to act | Z67: =SUM(Z8:Z66) -> 26995
A69: MONTHLY STOREROOM CHECKLIST (write Y / N and initials) | J69: Done? | K69: Initials
A70: 1 | B70: Physical count of every item done and entered in 'Physical Count'
A71: 2 | B71: All variances explained in Remarks
A72: 3 | B72: Leak test done for tilak / liquid batches packed this month
A73: 4 | B73: Best-before dates checked – items expiring within 30 days moved to front / issued first
A74: 5 | B74: FIFO followed – old stock in front, new stock behind
A75: 6 | B75: Racks cleaned; floor dry; no pests / termites / rodent signs
A76: 7 | B76: Edibles kept separate from fragrance items
A77: 8 | B77: Locked cabinet (coins, kavacha, perfume, pen drives) counted & tallied
A78: 9 | B78: QR audio links tested and working
A79: 10 | B79: Packing consumables (pouches, containers, labels) sufficient for next month
A80: 11 | B80: Upcoming festival / yatra demand checked with Yatra & Donor teams
A81: 12 | B81: Sheet signed by Storekeeper and verified by In-charge
B83: Storekeeper signature: ____________________ | I83: In-charge signature: ____________________ | R83: Date: ____________

Sheet Annual Summary
A1: Annual Summary – Nov 2026 to Oct 2027
A2: Month columns show closing stock (physical count if entered, else book closing). Totals add up all 12 monthly sheets.
A3: Select month ▶ | B3: Nov-2026
A4: Suggested Reorder Level = 1.5 × average monthly issue (rounded up to 10) – compare with your current level in Item Master.
A6: Item ID | B6: Item Name | C6: Category | D6: Nov-2026 | E6: Dec-2026 | F6: Jan-2027 | G6: Feb-2027 | H6: Mar-2027 | I6: Apr-2027 | J6: May-2027 | K6: Jun-2027 | L6: Jul-2027 | M6: Aug-2027 | N6: Sep-2027 | O6: Oct-2027 | P6: Total Packed (Year) | Q6: Issued – Donors | R6: Issued – Yatris | S6: Issued – Events | T6: Damaged / Expired | U6: Total Issued (Year) | V6: Avg Monthly Issue | W6: Suggested Reorder Level | X6: Current Reorder Level | Y6: Stock in Selected Month | Z6: Status in Selected Month
A7: ='Item Master'!A5 -> THR | B7: ='Item Master'!B5 -> Kalasha Thread (wrist thread) | C7: ='Item Master'!C5 -> Kalasha & Yagna Prasadam | D7: =IF('Nov-2026'!V8<>"",'Nov-2026'!V8,'Nov-2026'!U8) -> 0 | E7: =IF('Dec-2026'!V8<>"",'Dec-2026'!V8,'Dec-2026'!U8) -> 0 | F7: =IF('Jan-2027'!V8<>"",'Jan-2027'!V8,'Jan-2027'!U8) -> 0 | G7: =IF('Feb-2027'!V8<>"",'Feb-2027'!V8,'Feb-2027'!U8) -> 0 | H7: =IF('Mar-2027'!V8<>"",'Mar-2027'!V8,'Mar-2027'!U8) -> 0 | I7: =IF('Apr-2027'!V8<>"",'Apr-2027'!V8,'Apr-2027'!U8) -> 0 | J7: =IF('May-2027'!V8<>"",'May-2027'!V8,'May-2027'!U8) -> 0 | K7: =IF('Jun-2027'!V8<>"",'Jun-2027'!V8,'Jun-2027'!U8) -> 0 | L7: =IF('Jul-2027'!V8<>"",'Jul-2027'!V8,'Jul-2027'!U8) -> 0 | M7: =IF('Aug-2027'!V8<>"",'Aug-2027'!V8,'Aug-2027'!U8) -> 0 | N7: =IF('Sep-2027'!V8<>"",'Sep-2027'!V8,'Sep-2027'!U8) -> 0 | O7: =IF('Oct-2027'!V8<>"",'Oct-2027'!V8,'Oct-2027'!U8) -> 0 | P7: =N('Nov-2026'!O8)+N('Dec-2026'!O8)+N('Jan-2027'!O8)+N('Feb-2027'!O8)+N('Mar-2027'!O8)+N('Apr-2027'!O8)+N('May-2027'!O8)+N('Jun-2027'!O8)+N('Jul-2027'!O8)+N('Aug-2027'!O8)+N('Sep-2027'!O8)+N('Oct-2027'!O8) -> 0 | Q7: =N('Nov-2026'!P8)+N('Dec-2026'!P8)+N('Jan-2027'!P8)+N('Feb-2027'!P8)+N('Mar-2027'!P8)+N('Apr-2027'!P8)+N('May-2027'!P8)+N('Jun-2027'!P8)+N('Jul-2027'!P8)+N('Aug-2027'!P8)+N('Sep-2027'!P8)+N('Oct-2027'!P8) -> 0 | R7: =N('Nov-2026'!Q8)+N('Dec-2026'!Q8)+N('Jan-2027'!Q8)+N('Feb-2027'!Q8)+N('Mar-2027'!Q8)+N('Apr-2027'!Q8)+N('May-2027'!Q8)+N('Jun-2027'!Q8)+N('Jul-2027'!Q8)+N('Aug-2027'!Q8)+N('Sep-2027'!Q8)+N('Oct-2027'!Q8) -> 0 | S7: =N('Nov-2026'!R8)+N('Dec-2026'!R8)+N('Jan-2027'!R8)+N('Feb-2027'!R8)+N('Mar-2027'!R8)+N('Apr-2027'!R8)+N('May-2027'!R8)+N('Jun-2027'!R8)+N('Jul-2027'!R8)+N('Aug-2027'!R8)+N('Sep-2027'!R8)+N('Oct-2027'!R8) -> 0 | T7: =N('Nov-2026'!S8)+N('Dec-2026'!S8)+N('Jan-2027'!S8)+N('Feb-2027'!S8)+N('Mar-2027'!S8)+N('Apr-2027'!S8)+N('May-2027'!S8)+N('Jun-2027'!S8)+N('Jul-2027'!S8)+N('Aug-2027'!S8)+N('Sep-2027'!S8)+N('Oct-2027'!S8) -> 0 | U7: =SUM(Q7:S7) -> 0 | V7: =IFERROR(U7/MATCH($B$3,$D$6:$O$6,0),0) -> 0 | W7: =CEILING(V7*1.5,10) -> 0 | X7: ='Item Master'!P5 -> 300 | Y7: =INDEX(D7:O7,MATCH($B$3,$D$6:$O$6,0)) -> 0 | Z7: =IF(Y7<=0,"OUT OF STOCK",IF(Y7<=X7,"REORDER NOW",IF(Y7<=X7*1.5,"LOW","OK"))) -> OUT OF STOCK
A8: ='Item Master'!A6 -> TIL | B8: ='Item Master'!B6 -> Narasimha Yagna Tilak | C8: ='Item Master'!C6 -> Kalasha & Yagna Prasadam | D8: =IF('Nov-2026'!V9<>"",'Nov-2026'!V9,'Nov-2026'!U9) -> 195 | E8: =IF('Dec-2026'!V9<>"",'Dec-2026'!V9,'Dec-2026'!U9) -> 195 | F8: =IF('Jan-2027'!V9<>"",'Jan-2027'!V9,'Jan-2027'!U9) -> 195 | G8: =IF('Feb-2027'!V9<>"",'Feb-2027'!V9,'Feb-2027'!U9) -> 195 | H8: =IF('Mar-2027'!V9<>"",'Mar-2027'!V9,'Mar-2027'!U9) -> 195 | I8: =IF('Apr-2027'!V9<>"",'Apr-2027'!V9,'Apr-2027'!U9) -> 195 | J8: =IF('May-2027'!V9<>"",'May-2027'!V9,'May-2027'!U9) -> 195 | K8: =IF('Jun-2027'!V9<>"",'Jun-2027'!V9,'Jun-2027'!U9) -> 195 | L8: =IF('Jul-2027'!V9<>"",'Jul-2027'!V9,'Jul-2027'!U9) -> 195 | M8: =IF('Aug-2027'!V9<>"",'Aug-2027'!V9,'Aug-2027'!U9) -> 195 | N8: =IF('Sep-2027'!V9<>"",'Sep-2027'!V9,'Sep-2027'!U9) -> 195 | O8: =IF('Oct-2027'!V9<>"",'Oct-2027'!V9,'Oct-2027'!U9) -> 195 | P8: =N('Nov-2026'!O9)+N('Dec-2026'!O9)+N('Jan-2027'!O9)+N('Feb-2027'!O9)+N('Mar-2027'!O9)+N('Apr-2027'!O9)+N('May-2027'!O9)+N('Jun-2027'!O9)+N('Jul-2027'!O9)+N('Aug-2027'!O9)+N('Sep-2027'!O9)+N('Oct-2027'!O9) -> 300 | Q8: =N('Nov-2026'!P9)+N('Dec-2026'!P9)+N('Jan-2027'!P9)+N('Feb-2027'!P9)+N('Mar-2027'!P9)+N('Apr-2027'!P9)+N('May-2027'!P9)+N('Jun-2027'!P9)+N('Jul-2027'!P9)+N('Aug-2027'!P9)+N('Sep-2027'!P9)+N('Oct-2027'!P9) -> 140 | R8: =N('Nov-2026'!Q9)+N('Dec-2026'!Q9)+N('Jan-2027'!Q9)+N('Feb-2027'!Q9)+N('Mar-2027'!Q9)+N('Apr-2027'!Q9)+N('May-2027'!Q9)+N('Jun-2027'!Q9)+N('Jul-2027'!Q9)+N('Aug-2027'!Q9)+N('Sep-2027'!Q9)+N('Oct-2027'!Q9) -> 60 | S8: =N('Nov-2026'!R9)+N('Dec-2026'!R9)+N('Jan-2027'!R9)+N('Feb-2027'!R9)+N('Mar-2027'!R9)+N('Apr-2027'!R9)+N('May-2027'!R9)+N('Jun-2027'!R9)+N('Jul-2027'!R9)+N('Aug-2027'!R9)+N('Sep-2027'!R9)+N('Oct-2027'!R9) -> 20 | T8: =N('Nov-2026'!S9)+N('Dec-2026'!S9)+N('Jan-2027'!S9)+N('Feb-2027'!S9)+N('Mar-2027'!S9)+N('Apr-2027'!S9)+N('May-2027'!S9)+N('Jun-2027'!S9)+N('Jul-2027'!S9)+N('Aug-2027'!S9)+N('Sep-2027'!S9)+N('Oct-2027'!S9) -> 5 | U8: =SUM(Q8:S8) -> 220 | V8: =IFERROR(U8/MATCH($B$3,$D$6:$O$6,0),0) -> 220 | W8: =CEILING(V8*1.5,10) -> 330 | X8: ='Item Master'!P6 -> 300 | Y8: =INDEX(D8:O8,MATCH($B$3,$D$6:$O$6,0)) -> 195 | Z8: =IF(Y8<=0,"OUT OF STOCK",IF(Y8<=X8,"REORDER NOW",IF(Y8<=X8*1.5,"LOW","OK"))) -> REORDER NOW
A9: ='Item Master'!A7 -> KAV | B9: ='Item Master'!B7 -> Narasimha Kavacha (protective amulet / locket) | C9: ='Item Master'!C7 -> Protection & Mantra | D9: =IF('Nov-2026'!V10<>"",'Nov-2026'!V10,'Nov-2026'!U10) -> 0 | E9: =IF('Dec-2026'!V10<>"",'Dec-2026'!V10,'Dec-2026'!U10) -> 0 | F9: =IF('Jan-2027'!V10<>"",'Jan-2027'!V10,'Jan-2027'!U10) -> 0 | G9: =IF('Feb-2027'!V10<>"",'Feb-2027'!V10,'Feb-2027'!U10) -> 0 | H9: =IF('Mar-2027'!V10<>"",'Mar-2027'!V10,'Mar-2027'!U10) -> 0 | I9: =IF('Apr-2027'!V10<>"",'Apr-2027'!V10,'Apr-2027'!U10) -> 0 | J9: =IF('May-2027'!V10<>"",'May-2027'!V10,'May-2027'!U10) -> 0 | K9: =IF('Jun-2027'!V10<>"",'Jun-2027'!V10,'Jun-2027'!U10) -> 0 | L9: =IF('Jul-2027'!V10<>"",'Jul-2027'!V10,'Jul-2027'!U10) -> 0 | M9: =IF('Aug-2027'!V10<>"",'Aug-2027'!V10,'Aug-2027'!U10) -> 0 | N9: =IF('Sep-2027'!V10<>"",'Sep-2027'!V10,'Sep-2027'!U10) -> 0 | O9: =IF('Oct-2027'!V10<>"",'Oct-2027'!V10,'Oct-2027'!U10) -> 0 | P9: =N('Nov-2026'!O10)+N('Dec-2026'!O10)+N('Jan-2027'!O10)+N('Feb-2027'!O10)+N('Mar-2027'!O10)+N('Apr-2027'!O10)+N('May-2027'!O10)+N('Jun-2027'!O10)+N('Jul-2027'!O10)+N('Aug-2027'!O10)+N('Sep-2027'!O10)+N('Oct-2027'!O10) -> 0 | Q9: =N('Nov-2026'!P10)+N('Dec-2026'!P10)+N('Jan-2027'!P10)+N('Feb-2027'!P10)+N('Mar-2027'!P10)+N('Apr-2027'!P10)+N('May-2027'!P10)+N('Jun-2027'!P10)+N('Jul-2027'!P10)+N('Aug-2027'!P10)+N('Sep-2027'!P10)+N('Oct-2027'!P10) -> 0 | R9: =N('Nov-2026'!Q10)+N('Dec-2026'!Q10)+N('Jan-2027'!Q10)+N('Feb-2027'!Q10)+N('Mar-2027'!Q10)+N('Apr-2027'!Q10)+N('May-2027'!Q10)+N('Jun-2027'!Q10)+N('Jul-2027'!Q10)+N('Aug-2027'!Q10)+N('Sep-2027'!Q10)+N('Oct-2027'!Q10) -> 0 | S9: =N('Nov-2026'!R10)+N('Dec-2026'!R10)+N('Jan-2027'!R10)+N('Feb-2027'!R10)+N('Mar-2027'!R10)+N('Apr-2027'!R10)+N('May-2027'!R10)+N('Jun-2027'!R10)+N('Jul-2027'!R10)+N('Aug-2027'!R10)+N('Sep-2027'!R10)+N('Oct-2027'!R10) -> 0 | T9: =N('Nov-2026'!S10)+N('Dec-2026'!S10)+N('Jan-2027'!S10)+N('Feb-2027'!S10)+N('Mar-2027'!S10)+N('Apr-2027'!S10)+N('May-2027'!S10)+N('Jun-2027'!S10)+N('Jul-2027'!S10)+N('Aug-2027'!S10)+N('Sep-2027'!S10)+N('Oct-2027'!S10) -> 0 | U9: =SUM(Q9:S9) -> 0 | V9: =IFERROR(U9/MATCH($B$3,$D$6:$O$6,0),0) -> 0 | W9: =CEILING(V9*1.5,10) -> 0 | X9: ='Item Master'!P7 -> 100 | Y9: =INDEX(D9:O9,MATCH($B$3,$D$6:$O$6,0)) -> 0 | Z9: =IF(Y9<=0,"OUT OF STOCK",IF(Y9<=X9,"REORDER NOW",IF(Y9<=X9*1.5,"LOW","OK"))) -> OUT OF STOCK
A10: ='Item Master'!A8 -> AKV | B10: ='Item Master'!B8 -> Audio – Narasimha Kavacha (QR card) | C10: ='Item Master'!C8 -> Audio / Digital | D10: =IF('Nov-2026'!V11<>"",'Nov-2026'!V11,'Nov-2026'!U11) -> 0 | E10: =IF('Dec-2026'!V11<>"",'Dec-2026'!V11,'Dec-2026'!U11) -> 0 | F10: =IF('Jan-2027'!V11<>"",'Jan-2027'!V11,'Jan-2027'!U11) -> 0 | G10: =IF('Feb-2027'!V11<>"",'Feb-2027'!V11,'Feb-2027'!U11) -> 0 | H10: =IF('Mar-2027'!V11<>"",'Mar-2027'!V11,'Mar-2027'!U11) -> 0 | I10: =IF('Apr-2027'!V11<>"",'Apr-2027'!V11,'Apr-2027'!U11) -> 0 | J10: =IF('May-2027'!V11<>"",'May-2027'!V11,'May-2027'!U11) -> 0 | K10: =IF('Jun-2027'!V11<>"",'Jun-2027'!V11,'Jun-2027'!U11) -> 0 | L10: =IF('Jul-2027'!V11<>"",'Jul-2027'!V11,'Jul-2027'!U11) -> 0 | M10: =IF('Aug-2027'!V11<>"",'Aug-2027'!V11,'Aug-2027'!U11) -> 0 | N10: =IF('Sep-2027'!V11<>"",'Sep-2027'!V11,'Sep-2027'!U11) -> 0 | O10: =IF('Oct-2027'!V11<>"",'Oct-2027'!V11,'Oct-2027'!U11) -> 0 | P10: =N('Nov-2026'!O11)+N('Dec-2026'!O11)+N('Jan-2027'!O11)+N('Feb-2027'!O11)+N('Mar-2027'!O11)+N('Apr-2027'!O11)+N('May-2027'!O11)+N('Jun-2027'!O11)+N('Jul-2027'!O11)+N('Aug-2027'!O11)+N('Sep-2027'!O11)+N('Oct-2027'!O11) -> 0 | Q10: =N('Nov-2026'!P11)+N('Dec-2026'!P11)+N('Jan-2027'!P11)+N('Feb-2027'!P11)+N('Mar-2027'!P11)+N('Apr-2027'!P11)+N('May-2027'!P11)+N('Jun-2027'!P11)+N('Jul-2027'!P11)+N('Aug-2027'!P11)+N('Sep-2027'!P11)+N('Oct-2027'!P11) -> 0 | R10: =N('Nov-2026'!Q11)+N('Dec-2026'!Q11)+N('Jan-2027'!Q11)+N('Feb-2027'!Q11)+N('Mar-2027'!Q11)+N('Apr-2027'!Q11)+N('May-2027'!Q11)+N('Jun-2027'!Q11)+N('Jul-2027'!Q11)+N('Aug-2027'!Q11)+N('Sep-2027'!Q11)+N('Oct-2027'!Q11) -> 0 | S10: =N('Nov-2026'!R11)+N('Dec-2026'!R11)+N('Jan-2027'!R11)+N('Feb-2027'!R11)+N('Mar-2027'!R11)+N('Apr-2027'!R11)+N('May-2027'!R11)+N('Jun-2027'!R11)+N('Jul-2027'!R11)+N('Aug-2027'!R11)+N('Sep-2027'!R11)+N('Oct-2027'!R11) -> 0 | T10: =N('Nov-2026'!S11)+N('Dec-2026'!S11)+N('Jan-2027'!S11)+N('Feb-2027'!S11)+N('Mar-2027'!S11)+N('Apr-2027'!S11)+N('May-2027'!S11)+N('Jun-2027'!S11)+N('Jul-2027'!S11)+N('Aug-2027'!S11)+N('Sep-2027'!S11)+N('Oct-2027'!S11) -> 0 | U10: =SUM(Q10:S10) -> 0 | V10: =IFERROR(U10/MATCH($B$3,$D$6:$O$6,0),0) -> 0 | W10: =CEILING(V10*1.5,10) -> 0 | X10: ='Item Master'!P8 -> 200 | Y10: =INDEX(D10:O10,MATCH($B$3,$D$6:$O$6,0)) -> 0 | Z10: =IF(Y10<=0,"OUT OF STOCK",IF(Y10<=X10,"REORDER NOW",IF(Y10<=X10*1.5,"LOW","OK"))) -> OUT OF STOCK
A11: ='Item Master'!A9 -> AKR | B11: ='Item Master'!B9 -> Audio – Narasimha Kirtan (QR card) | C11: ='Item Master'!C9 -> Audio / Digital | D11: =IF('Nov-2026'!V12<>"",'Nov-2026'!V12,'Nov-2026'!U12) -> 0 | E11: =IF('Dec-2026'!V12<>"",'Dec-2026'!V12,'Dec-2026'!U12) -> 0 | F11: =IF('Jan-2027'!V12<>"",'Jan-2027'!V12,'Jan-2027'!U12) -> 0 | G11: =IF('Feb-2027'!V12<>"",'Feb-2027'!V12,'Feb-2027'!U12) -> 0 | H11: =IF('Mar-2027'!V12<>"",'Mar-2027'!V12,'Mar-2027'!U12) -> 0 | I11: =IF('Apr-2027'!V12<>"",'Apr-2027'!V12,'Apr-2027'!U12) -> 0 | J11: =IF('May-2027'!V12<>"",'May-2027'!V12,'May-2027'!U12) -> 0 | K11: =IF('Jun-2027'!V12<>"",'Jun-2027'!V12,'Jun-2027'!U12) -> 0 | L11: =IF('Jul-2027'!V12<>"",'Jul-2027'!V12,'Jul-2027'!U12) -> 0 | M11: =IF('Aug-2027'!V12<>"",'Aug-2027'!V12,'Aug-2027'!U12) -> 0 | N11: =IF('Sep-2027'!V12<>"",'Sep-2027'!V12,'Sep-2027'!U12) -> 0 | O11: =IF('Oct-2027'!V12<>"",'Oct-2027'!V12,'Oct-2027'!U12) -> 0 | P11: =N('Nov-2026'!O12)+N('Dec-2026'!O12)+N('Jan-2027'!O12)+N('Feb-2027'!O12)+N('Mar-2027'!O12)+N('Apr-2027'!O12)+N('May-2027'!O12)+N('Jun-2027'!O12)+N('Jul-2027'!O12)+N('Aug-2027'!O12)+N('Sep-2027'!O12)+N('Oct-2027'!O12) -> 0 | Q11: =N('Nov-2026'!P12)+N('Dec-2026'!P12)+N('Jan-2027'!P12)+N('Feb-2027'!P12)+N('Mar-2027'!P12)+N('Apr-2027'!P12)+N('May-2027'!P12)+N('Jun-2027'!P12)+N('Jul-2027'!P12)+N('Aug-2027'!P12)+N('Sep-2027'!P12)+N('Oct-2027'!P12) -> 0 | R11: =N('Nov-2026'!Q12)+N('Dec-2026'!Q12)+N('Jan-2027'!Q12)+N('Feb-2027'!Q12)+N('Mar-2027'!Q12)+N('Apr-2027'!Q12)+N('May-2027'!Q12)+N('Jun-2027'!Q12)+N('Jul-2027'!Q12)+N('Aug-2027'!Q12)+N('Sep-2027'!Q12)+N('Oct-2027'!Q12) -> 0 | S11: =N('Nov-2026'!R12)+N('Dec-2026'!R12)+N('Jan-2027'!R12)+N('Feb-2027'!R12)+N('Mar-2027'!R12)+N('Apr-2027'!R12)+N('May-2027'!R12)+N('Jun-2027'!R12)+N('Jul-2027'!R12)+N('Aug-2027'!R12)+N('Sep-2027'!R12)+N('Oct-2027'!R12) -> 0 | T11: =N('Nov-2026'!S12)+N('Dec-2026'!S12)+N('Jan-2027'!S12)+N('Feb-2027'!S12)+N('Mar-2027'!S12)+N('Apr-2027'!S12)+N('May-2027'!S12)+N('Jun-2027'!S12)+N('Jul-2027'!S12)+N('Aug-2027'!S12)+N('Sep-2027'!S12)+N('Oct-2027'!S12) -> 0 | U11: =SUM(Q11:S11) -> 0 | V11: =IFERROR(U11/MATCH($B$3,$D$6:$O$6,0),0) -> 0 | W11: =CEILING(V11*1.5,10) -> 0 | X11: ='Item Master'!P9 -> 200 | Y11: =INDEX(D11:O11,MATCH($B$3,$D$6:$O$6,0)) -> 0 | Z11: =IF(Y11<=0,"OUT OF STOCK",IF(Y11<=X11,"REORDER NOW",IF(Y11<=X11*1.5,"LOW","OK"))) -> OUT OF STOCK
A12: ='Item Master'!A10 -> PFR | B12: ='Item Master'!B10 -> Narasimha Photo Frame | C12: ='Item Master'!C10 -> Deity Photos & Frames | D12: =IF('Nov-2026'!V13<>"",'Nov-2026'!V13,'Nov-2026'!U13) -> 0 | E12: =IF('Dec-2026'!V13<>"",'Dec-2026'!V13,'Dec-2026'!U13) -> 0 | F12: =IF('Jan-2027'!V13<>"",'Jan-2027'!V13,'Jan-2027'!U13) -> 0 | G12: =IF('Feb-2027'!V13<>"",'Feb-2027'!V13,'Feb-2027'!U13) -> 0 | H12: =IF('Mar-2027'!V13<>"",'Mar-2027'!V13,'Mar-2027'!U13) -> 0 | I12: =IF('Apr-2027'!V13<>"",'Apr-2027'!V13,'Apr-2027'!U13) -> 0 | J12: =IF('May-2027'!V13<>"",'May-2027'!V13,'May-2027'!U13) -> 0 | K12: =IF('Jun-2027'!V13<>"",'Jun-2027'!V13,'Jun-2027'!U13) -> 0 | L12: =IF('Jul-2027'!V13<>"",'Jul-2027'!V13,'Jul-2027'!U13) -> 0 | M12: =IF('Aug-2027'!V13<>"",'Aug-2027'!V13,'Aug-2027'!U13) -> 0 | N12: =IF('Sep-2027'!V13<>"",'Sep-2027'!V13,'Sep-2027'!U13) -> 0 | O12: =IF('Oct-2027'!V13<>"",'Oct-2027'!V13,'Oct-2027'!U13) -> 0 | P12: =N('Nov-2026'!O13)+N('Dec-2026'!O13)+N('Jan-2027'!O13)+N('Feb-2027'!O13)+N('Mar-2027'!O13)+N('Apr-2027'!O13)+N('May-2027'!O13)+N('Jun-2027'!O13)+N('Jul-2027'!O13)+N('Aug-2027'!O13)+N('Sep-2027'!O13)+N('Oct-2027'!O13) -> 0 | Q12: =N('Nov-2026'!P13)+N('Dec-2026'!P13)+N('Jan-2027'!P13)+N('Feb-2027'!P13)+N('Mar-2027'!P13)+N('Apr-2027'!P13)+N('May-2027'!P13)+N('Jun-2027'!P13)+N('Jul-2027'!P13)+N('Aug-2027'!P13)+N('Sep-2027'!P13)+N('Oct-2027'!P13) -> 0 | R12: =N('Nov-2026'!Q13)+N('Dec-2026'!Q13)+N('Jan-2027'!Q13)+N('Feb-2027'!Q13)+N('Mar-2027'!Q13)+N('Apr-2027'!Q13)+N('May-2027'!Q13)+N('Jun-2027'!Q13)+N('Jul-2027'!Q13)+N('Aug-2027'!Q13)+N('Sep-2027'!Q13)+N('Oct-2027'!Q13) -> 0 | S12: =N('Nov-2026'!R13)+N('Dec-2026'!R13)+N('Jan-2027'!R13)+N('Feb-2027'!R13)+N('Mar-2027'!R13)+N('Apr-2027'!R13)+N('May-2027'!R13)+N('Jun-2027'!R13)+N('Jul-2027'!R13)+N('Aug-2027'!R13)+N('Sep-2027'!R13)+N('Oct-2027'!R13) -> 0 | T12: =N('Nov-2026'!S13)+N('Dec-2026'!S13)+N('Jan-2027'!S13)+N('Feb-2027'!S13)+N('Mar-2027'!S13)+N('Apr-2027'!S13)+N('May-2027'!S13)+N('Jun-2027'!S13)+N('Jul-2027'!S13)+N('Aug-2027'!S13)+N('Sep-2027'!S13)+N('Oct-2027'!S13) -> 0 | U12: =SUM(Q12:S12) -> 0 | V12: =IFERROR(U12/MATCH($B$3,$D$6:$O$6,0),0) -> 0 | W12: =CEILING(V12*1.5,10) -> 0 | X12: ='Item Master'!P10 -> 25 | Y12: =INDEX(D12:O12,MATCH($B$3,$D$6:$O$6,0)) -> 0 | Z12: =IF(Y12<=0,"OUT OF STOCK",IF(Y12<=X12,"REORDER NOW",IF(Y12<=X12*1.5,"LOW","OK"))) -> OUT OF STOCK
A13: ='Item Master'!A11 -> TTP | B13: ='Item Master'!B11 -> Narasimha Table Top (idol/stand) | C13: ='Item Master'!C11 -> Deity Photos & Frames | D13: =IF('Nov-2026'!V14<>"",'Nov-2026'!V14,'Nov-2026'!U14) -> 0 | E13: =IF('Dec-2026'!V14<>"",'Dec-2026'!V14,'Dec-2026'!U14) -> 0 | F13: =IF('Jan-2027'!V14<>"",'Jan-2027'!V14,'Jan-2027'!U14) -> 0 | G13: =IF('Feb-2027'!V14<>"",'Feb-2027'!V14,'Feb-2027'!U14) -> 0 | H13: =IF('Mar-2027'!V14<>"",'Mar-2027'!V14,'Mar-2027'!U14) -> 0 | I13: =IF('Apr-2027'!V14<>"",'Apr-2027'!V14,'Apr-2027'!U14) -> 0 | J13: =IF('May-2027'!V14<>"",'May-2027'!V14,'May-2027'!U14) -> 0 | K13: =IF('Jun-2027'!V14<>"",'Jun-2027'!V14,'Jun-2027'!U14) -> 0 | L13: =IF('Jul-2027'!V14<>"",'Jul-2027'!V14,'Jul-2027'!U14) -> 0 | M13: =IF('Aug-2027'!V14<>"",'Aug-2027'!V14,'Aug-2027'!U14) -> 0 | N13: =IF('Sep-2027'!V14<>"",'Sep-2027'!V14,'Sep-2027'!U14) -> 0 | O13: =IF('Oct-2027'!V14<>"",'Oct-2027'!V14,'Oct-2027'!U14) -> 0 | P13: =N('Nov-2026'!O14)+N('Dec-2026'!O14)+N('Jan-2027'!O14)+N('Feb-2027'!O14)+N('Mar-2027'!O14)+N('Apr-2027'!O14)+N('May-2027'!O14)+N('Jun-2027'!O14)+N('Jul-2027'!O14)+N('Aug-2027'!O14)+N('Sep-2027'!O14)+N('Oct-2027'!O14) -> 0 | Q13: =N('Nov-2026'!P14)+N('Dec-2026'!P14)+N('Jan-2027'!P14)+N('Feb-2027'!P14)+N('Mar-2027'!P14)+N('Apr-2027'!P14)+N('May-2027'!P14)+N('Jun-2027'!P14)+N('Jul-2027'!P14)+N('Aug-2027'!P14)+N('Sep-2027'!P14)+N('Oct-2027'!P14) -> 0 | R13: =N('Nov-2026'!Q14)+N('Dec-2026'!Q14)+N('Jan-2027'!Q14)+N('Feb-2027'!Q14)+N('Mar-2027'!Q14)+N('Apr-2027'!Q14)+N('May-2027'!Q14)+N('Jun-2027'!Q14)+N('Jul-2027'!Q14)+N('Aug-2027'!Q14)+N('Sep-2027'!Q14)+N('Oct-2027'!Q14) -> 0 | S13: =N('Nov-2026'!R14)+N('Dec-2026'!R14)+N('Jan-2027'!R14)+N('Feb-2027'!R14)+N('Mar-2027'!R14)+N('Apr-2027'!R14)+N('May-2027'!R14)+N('Jun-2027'!R14)+N('Jul-2027'!R14)+N('Aug-2027'!R14)+N('Sep-2027'!R14)+N('Oct-2027'!R14) -> 0 | T13: =N('Nov-2026'!S14)+N('Dec-2026'!S14)+N('Jan-2027'!S14)+N('Feb-2027'!S14)+N('Mar-2027'!S14)+N('Apr-2027'!S14)+N('May-2027'!S14)+N('Jun-2027'!S14)+N('Jul-2027'!S14)+N('Aug-2027'!S14)+N('Sep-2027'!S14)+N('Oct-2027'!S14) -> 0 | U13: =SUM(Q13:S13) -> 0 | V13: =IFERROR(U13/MATCH($B$3,$D$6:$O$6,0),0) -> 0 | W13: =CEILING(V13*1.5,10) -> 0 | X13: ='Item Master'!P11 -> 20 | Y13: =INDEX(D13:O13,MATCH($B$3,$D$6:$O$6,0)) -> 0 | Z13: =IF(Y13<=0,"OUT OF STOCK",IF(Y13<=X13,"REORDER NOW",IF(Y13<=X13*1.5,"LOW","OK"))) -> OUT OF STOCK
A14: ='Item Master'!A12 -> STK | B14: ='Item Master'!B12 -> Narasimha Sticker | C14: ='Item Master'!C12 -> Protection & Mantra | D14: =IF('Nov-2026'!V15<>"",'Nov-2026'!V15,'Nov-2026'!U15) -> 0 | E14: =IF('Dec-2026'!V15<>"",'Dec-2026'!V15,'Dec-2026'!U15) -> 0 | F14: =IF('Jan-2027'!V15<>"",'Jan-2027'!V15,'Jan-2027'!U15) -> 0 | G14: =IF('Feb-2027'!V15<>"",'Feb-2027'!V15,'Feb-2027'!U15) -> 0 | H14: =IF('Mar-2027'!V15<>"",'Mar-2027'!V15,'Mar-2027'!U15) -> 0 | I14: =IF('Apr-2027'!V15<>"",'Apr-2027'!V15,'Apr-2027'!U15) -> 0 | J14: =IF('May-2027'!V15<>"",'May-2027'!V15,'May-2027'!U15) -> 0 | K14: =IF('Jun-2027'!V15<>"",'Jun-2027'!V15,'Jun-2027'!U15) -> 0 | L14: =IF('Jul-2027'!V15<>"",'Jul-2027'!V15,'Jul-2027'!U15) -> 0 | M14: =IF('Aug-2027'!V15<>"",'Aug-2027'!V15,'Aug-2027'!U15) -> 0 | N14: =IF('Sep-2027'!V15<>"",'Sep-2027'!V15,'Sep-2027'!U15) -> 0 | O14: =IF('Oct-2027'!V15<>"",'Oct-2027'!V15,'Oct-2027'!U15) -> 0 | P14: =N('Nov-2026'!O15)+N('Dec-2026'!O15)+N('Jan-2027'!O15)+N('Feb-2027'!O15)+N('Mar-2027'!O15)+N('Apr-2027'!O15)+N('May-2027'!O15)+N('Jun-2027'!O15)+N('Jul-2027'!O15)+N('Aug-2027'!O15)+N('Sep-2027'!O15)+N('Oct-2027'!O15) -> 0 | Q14: =N('Nov-2026'!P15)+N('Dec-2026'!P15)+N('Jan-2027'!P15)+N('Feb-2027'!P15)+N('Mar-2027'!P15)+N('Apr-2027'!P15)+N('May-2027'!P15)+N('Jun-2027'!P15)+N('Jul-2027'!P15)+N('Aug-2027'!P15)+N('Sep-2027'!P15)+N('Oct-2027'!P15) -> 0 | R14: =N('Nov-2026'!Q15)+N('Dec-2026'!Q15)+N('Jan-2027'!Q15)+N('Feb-2027'!Q15)+N('Mar-2027'!Q15)+N('Apr-2027'!Q15)+N('May-2027'!Q15)+N('Jun-2027'!Q15)+N('Jul-2027'!Q15)+N('Aug-2027'!Q15)+N('Sep-2027'!Q15)+N('Oct-2027'!Q15) -> 0 | S14: =N('Nov-2026'!R15)+N('Dec-2026'!R15)+N('Jan-2027'!R15)+N('Feb-2027'!R15)+N('Mar-2027'!R15)+N('Apr-2027'!R15)+N('May-2027'!R15)+N('Jun-2027'!R15)+N('Jul-2027'!R15)+N('Aug-2027'!R15)+N('Sep-2027'!R15)+N('Oct-2027'!R15) -> 0 | T14: =N('Nov-2026'!S15)+N('Dec-2026'!S15)+N('Jan-2027'!S15)+N('Feb-2027'!S15)+N('Mar-2027'!S15)+N('Apr-2027'!S15)+N('May-2027'!S15)+N('Jun-2027'!S15)+N('Jul-2027'!S15)+N('Aug-2027'!S15)+N('Sep-2027'!S15)+N('Oct-2027'!S15) -> 0 | U14: =SUM(Q14:S14) -> 0 | V14: =IFERROR(U14/MATCH($B$3,$D$6:$O$6,0),0) -> 0 | W14: =CEILING(V14*1.5,10) -> 0 | X14: ='Item Master'!P12 -> 300 | Y14: =INDEX(D14:O14,MATCH($B$3,$D$6:$O$6,0)) -> 0 | Z14: =IF(Y14<=0,"OUT OF STOCK",IF(Y14<=X14,"REORDER NOW",IF(Y14<=X14*1.5,"LOW","OK"))) -> OUT OF STOCK
A15: ='Item Master'!A13 -> KPR | B15: ='Item Master'!B13 -> Narasimha Kavacha Print Out | C15: ='Item Master'!C13 -> Protection & Mantra | D15: =IF('Nov-2026'!V16<>"",'Nov-2026'!V16,'Nov-2026'!U16) -> 0 | E15: =IF('Dec-2026'!V16<>"",'Dec-2026'!V16,'Dec-2026'!U16) -> 0 | F15: =IF('Jan-2027'!V16<>"",'Jan-2027'!V16,'Jan-2027'!U16) -> 0 | G15: =IF('Feb-2027'!V16<>"",'Feb-2027'!V16,'Feb-2027'!U16) -> 0 | H15: =IF('Mar-2027'!V16<>"",'Mar-2027'!V16,'Mar-2027'!U16) -> 0 | I15: =IF('Apr-2027'!V16<>"",'Apr-2027'!V16,'Apr-2027'!U16) -> 0 | J15: =IF('May-2027'!V16<>"",'May-2027'!V16,'May-2027'!U16) -> 0 | K15: =IF('Jun-2027'!V16<>"",'Jun-2027'!V16,'Jun-2027'!U16) -> 0 | L15: =IF('Jul-2027'!V16<>"",'Jul-2027'!V16,'Jul-2027'!U16) -> 0 | M15: =IF('Aug-2027'!V16<>"",'Aug-2027'!V16,'Aug-2027'!U16) -> 0 | N15: =IF('Sep-2027'!V16<>"",'Sep-2027'!V16,'Sep-2027'!U16) -> 0 | O15: =IF('Oct-2027'!V16<>"",'Oct-2027'!V16,'Oct-2027'!U16) -> 0 | P15: =N('Nov-2026'!O16)+N('Dec-2026'!O16)+N('Jan-2027'!O16)+N('Feb-2027'!O16)+N('Mar-2027'!O16)+N('Apr-2027'!O16)+N('May-2027'!O16)+N('Jun-2027'!O16)+N('Jul-2027'!O16)+N('Aug-2027'!O16)+N('Sep-2027'!O16)+N('Oct-2027'!O16) -> 0 | Q15: =N('Nov-2026'!P16)+N('Dec-2026'!P16)+N('Jan-2027'!P16)+N('Feb-2027'!P16)+N('Mar-2027'!P16)+N('Apr-2027'!P16)+N('May-2027'!P16)+N('Jun-2027'!P16)+N('Jul-2027'!P16)+N('Aug-2027'!P16)+N('Sep-2027'!P16)+N('Oct-2027'!P16) -> 0 | R15: =N('Nov-2026'!Q16)+N('Dec-2026'!Q16)+N('Jan-2027'!Q16)+N('Feb-2027'!Q16)+N('Mar-2027'!Q16)+N('Apr-2027'!Q16)+N('May-2027'!Q16)+N('Jun-2027'!Q16)+N('Jul-2027'!Q16)+N('Aug-2027'!Q16)+N('Sep-2027'!Q16)+N('Oct-2027'!Q16) -> 0 | S15: =N('Nov-2026'!R16)+N('Dec-2026'!R16)+N('Jan-2027'!R16)+N('Feb-2027'!R16)+N('Mar-2027'!R16)+N('Apr-2027'!R16)+N('May-2027'!R16)+N('Jun-2027'!R16)+N('Jul-2027'!R16)+N('Aug-2027'!R16)+N('Sep-2027'!R16)+N('Oct-2027'!R16) -> 0 | T15: =N('Nov-2026'!S16)+N('Dec-2026'!S16)+N('Jan-2027'!S16)+N('Feb-2027'!S16)+N('Mar-2027'!S16)+N('Apr-2027'!S16)+N('May-2027'!S16)+N('Jun-2027'!S16)+N('Jul-2027'!S16)+N('Aug-2027'!S16)+N('Sep-2027'!S16)+N('Oct-2027'!S16) -> 0 | U15: =SUM(Q15:S15) -> 0 | V15: =IFERROR(U15/MATCH($B$3,$D$6:$O$6,0),0) -> 0 | W15: =CEILING(V15*1.5,10) -> 0 | X15: ='Item Master'!P13 -> 200 | Y15: =INDEX(D15:O15,MATCH($B$3,$D$6:$O$6,0)) -> 0 | Z15: =IF(Y15<=0,"OUT OF STOCK",IF(Y15<=X15,"REORDER NOW",IF(Y15<=X15*1.5,"LOW","OK"))) -> OUT OF STOCK
A16: ='Item Master'!A14 -> MBX | B16: ='Item Master'!B14 -> Mantra Box | C16: ='Item Master'!C14 -> Protection & Mantra | D16: =IF('Nov-2026'!V17<>"",'Nov-2026'!V17,'Nov-2026'!U17) -> 0 | E16: =IF('Dec-2026'!V17<>"",'Dec-2026'!V17,'Dec-2026'!U17) -> 0 | F16: =IF('Jan-2027'!V17<>"",'Jan-2027'!V17,'Jan-2027'!U17) -> 0 | G16: =IF('Feb-2027'!V17<>"",'Feb-2027'!V17,'Feb-2027'!U17) -> 0 | H16: =IF('Mar-2027'!V17<>"",'Mar-2027'!V17,'Mar-2027'!U17) -> 0 | I16: =IF('Apr-2027'!V17<>"",'Apr-2027'!V17,'Apr-2027'!U17) -> 0 | J16: =IF('May-2027'!V17<>"",'May-2027'!V17,'May-2027'!U17) -> 0 | K16: =IF('Jun-2027'!V17<>"",'Jun-2027'!V17,'Jun-2027'!U17) -> 0 | L16: =IF('Jul-2027'!V17<>"",'Jul-2027'!V17,'Jul-2027'!U17) -> 0 | M16: =IF('Aug-2027'!V17<>"",'Aug-2027'!V17,'Aug-2027'!U17) -> 0 | N16: =IF('Sep-2027'!V17<>"",'Sep-2027'!V17,'Sep-2027'!U17) -> 0 | O16: =IF('Oct-2027'!V17<>"",'Oct-2027'!V17,'Oct-2027'!U17) -> 0 | P16: =N('Nov-2026'!O17)+N('Dec-2026'!O17)+N('Jan-2027'!O17)+N('Feb-2027'!O17)+N('Mar-2027'!O17)+N('Apr-2027'!O17)+N('May-2027'!O17)+N('Jun-2027'!O17)+N('Jul-2027'!O17)+N('Aug-2027'!O17)+N('Sep-2027'!O17)+N('Oct-2027'!O17) -> 0 | Q16: =N('Nov-2026'!P17)+N('Dec-2026'!P17)+N('Jan-2027'!P17)+N('Feb-2027'!P17)+N('Mar-2027'!P17)+N('Apr-2027'!P17)+N('May-2027'!P17)+N('Jun-2027'!P17)+N('Jul-2027'!P17)+N('Aug-2027'!P17)+N('Sep-2027'!P17)+N('Oct-2027'!P17) -> 0 | R16: =N('Nov-2026'!Q17)+N('Dec-2026'!Q17)+N('Jan-2027'!Q17)+N('Feb-2027'!Q17)+N('Mar-2027'!Q17)+N('Apr-2027'!Q17)+N('May-2027'!Q17)+N('Jun-2027'!Q17)+N('Jul-2027'!Q17)+N('Aug-2027'!Q17)+N('Sep-2027'!Q17)+N('Oct-2027'!Q17) -> 0 | S16: =N('Nov-2026'!R17)+N('Dec-2026'!R17)+N('Jan-2027'!R17)+N('Feb-2027'!R17)+N('Mar-2027'!R17)+N('Apr-2027'!R17)+N('May-2027'!R17)+N('Jun-2027'!R17)+N('Jul-2027'!R17)+N('Aug-2027'!R17)+N('Sep-2027'!R17)+N('Oct-2027'!R17) -> 0 | T16: =N('Nov-2026'!S17)+N('Dec-2026'!S17)+N('Jan-2027'!S17)+N('Feb-2027'!S17)+N('Mar-2027'!S17)+N('Apr-2027'!S17)+N('May-2027'!S17)+N('Jun-2027'!S17)+N('Jul-2027'!S17)+N('Aug-2027'!S17)+N('Sep-2027'!S17)+N('Oct-2027'!S17) -> 0 | U16: =SUM(Q16:S16) -> 0 | V16: =IFERROR(U16/MATCH($B$3,$D$6:$O$6,0),0) -> 0 | W16: =CEILING(V16*1.5,10) -> 0 | X16: ='Item Master'!P14 -> 50 | Y16: =INDEX(D16:O16,MATCH($B$3,$D$6:$O$6,0)) -> 0 | Z16: =IF(Y16<=0,"OUT OF STOCK",IF(Y16<=X16,"REORDER NOW",IF(Y16<=X16*1.5,"LOW","OK"))) -> OUT OF STOCK
A17: ='Item Master'!A15 -> PRG | B17: ='Item Master'!B15 -> Radha Govinda Photo | C17: ='Item Master'!C15 -> Deity Photos & Frames | D17: =IF('Nov-2026'!V18<>"",'Nov-2026'!V18,'Nov-2026'!U18) -> 0 | E17: =IF('Dec-2026'!V18<>"",'Dec-2026'!V18,'Dec-2026'!U18) -> 0 | F17: =IF('Jan-2027'!V18<>"",'Jan-2027'!V18,'Jan-2027'!U18) -> 0 | G17: =IF('Feb-2027'!V18<>"",'Feb-2027'!V18,'Feb-2027'!U18) -> 0 | H17: =IF('Mar-2027'!V18<>"",'Mar-2027'!V18,'Mar-2027'!U18) -> 0 | I17: =IF('Apr-2027'!V18<>"",'Apr-2027'!V18,'Apr-2027'!U18) -> 0 | J17: =IF('May-2027'!V18<>"",'May-2027'!V18,'May-2027'!U18) -> 0 | K17: =IF('Jun-2027'!V18<>"",'Jun-2027'!V18,'Jun-2027'!U18) -> 0 | L17: =IF('Jul-2027'!V18<>"",'Jul-2027'!V18,'Jul-2027'!U18) -> 0 | M17: =IF('Aug-2027'!V18<>"",'Aug-2027'!V18,'Aug-2027'!U18) -> 0 | N17: =IF('Sep-2027'!V18<>"",'Sep-2027'!V18,'Sep-2027'!U18) -> 0 | O17: =IF('Oct-2027'!V18<>"",'Oct-2027'!V18,'Oct-2027'!U18) -> 0 | P17: =N('Nov-2026'!O18)+N('Dec-2026'!O18)+N('Jan-2027'!O18)+N('Feb-2027'!O18)+N('Mar-2027'!O18)+N('Apr-2027'!O18)+N('May-2027'!O18)+N('Jun-2027'!O18)+N('Jul-2027'!O18)+N('Aug-2027'!O18)+N('Sep-2027'!O18)+N('Oct-2027'!O18) -> 0 | Q17: =N('Nov-2026'!P18)+N('Dec-2026'!P18)+N('Jan-2027'!P18)+N('Feb-2027'!P18)+N('Mar-2027'!P18)+N('Apr-2027'!P18)+N('May-2027'!P18)+N('Jun-2027'!P18)+N('Jul-2027'!P18)+N('Aug-2027'!P18)+N('Sep-2027'!P18)+N('Oct-2027'!P18) -> 0 | R17: =N('Nov-2026'!Q18)+N('Dec-2026'!Q18)+N('Jan-2027'!Q18)+N('Feb-2027'!Q18)+N('Mar-2027'!Q18)+N('Apr-2027'!Q18)+N('May-2027'!Q18)+N('Jun-2027'!Q18)+N('Jul-2027'!Q18)+N('Aug-2027'!Q18)+N('Sep-2027'!Q18)+N('Oct-2027'!Q18) -> 0 | S17: =N('Nov-2026'!R18)+N('Dec-2026'!R18)+N('Jan-2027'!R18)+N('Feb-2027'!R18)+N('Mar-2027'!R18)+N('Apr-2027'!R18)+N('May-2027'!R18)+N('Jun-2027'!R18)+N('Jul-2027'!R18)+N('Aug-2027'!R18)+N('Sep-2027'!R18)+N('Oct-2027'!R18) -> 0 | T17: =N('Nov-2026'!S18)+N('Dec-2026'!S18)+N('Jan-2027'!S18)+N('Feb-2027'!S18)+N('Mar-2027'!S18)+N('Apr-2027'!S18)+N('May-2027'!S18)+N('Jun-2027'!S18)+N('Jul-2027'!S18)+N('Aug-2027'!S18)+N('Sep-2027'!S18)+N('Oct-2027'!S18) -> 0 | U17: =SUM(Q17:S17) -> 0 | V17: =IFERROR(U17/MATCH($B$3,$D$6:$O$6,0),0) -> 0 | W17: =CEILING(V17*1.5,10) -> 0 | X17: ='Item Master'!P15 -> 200 | Y17: =INDEX(D17:O17,MATCH($B$3,$D$6:$O$6,0)) -> 0 | Z17: =IF(Y17<=0,"OUT OF STOCK",IF(Y17<=X17,"REORDER NOW",IF(Y17<=X17*1.5,"LOW","OK"))) -> OUT OF STOCK
